date,nee_vut_gcm2,nee_qc,nep_mg_ha,obs_mask
2012-01-01,-2.822397244039635,0.4375,0.02822397244039635,True
2012-01-02,-0.4310318761097553,0.5833333333333334,,False
2012-01-03,-3.3087296830593087,0.5833333333333334,,False
2012-01-04,-1.0817614054479714,0.8541666666666666,,False
2012-01-05,-0.1805940856982577,0.8125,,False
2012-01-06,-3.694210371041996,0.6041666666666666,,False
2012-01-07,-5.298656167133585,0.5,0.05298656167133584,True
2012-01-08,-1.7493024298313524,0.4791666666666667,0.017493024298313523,True
2012-01-09,-1.6201500340027837,0.4166666666666667,0.016201500340027836,True
2012-01-10,-3.222836821724751,0.4583333333333333,0.03222836821724751,True
2012-01-11,-3.372681994629052,0.6875,,False
2012-01-12,-3.0505371159065184,0.5833333333333334,,False
2012-01-13,-3.156052494971317,0.5208333333333334,,False
2012-01-14,-3.442014254679238,0.4791666666666667,0.03442014254679238,True
2012-01-15,-5.304243808118697,0.3125,0.05304243808118697,True
2012-01-16,-1.5982652997485771,0.3541666666666667,0.01598265299748577,True
2012-01-17,-2.233646447694844,0.3333333333333333,0.02233646447694844,True
2012-01-18,-3.3525049416548542,0.4166666666666667,0.03352504941654854,True
2012-01-19,-3.655483221235962,0.3541666666666667,0.03655483221235962,True
2012-01-20,-1.7161437902810164,0.9166666666666666,,False
2012-01-21,-4.381880103145577,0.5,0.04381880103145577,True
2012-01-22,-3.010968188783634,0.3958333333333333,0.030109681887836342,True
2012-01-23,-0.5023069530898053,0.7708333333333334,,False
2012-01-24,-3.245203543603263,0.5625,,False
2012-01-25,-2.358792138468178,0.7291666666666666,,False
2012-01-26,-1.591755491360131,0.625,,False
2012-01-27,-3.3431392096927035,0.3958333333333333,0.03343139209692703,True
2012-01-28,-4.385211554167746,0.7916666666666666,,False
2012-01-29,-2.229538128112272,0.5,0.022295381281122722,True
2012-01-30,-3.3228180912660745,0.4166666666666667,0.03322818091266075,True
2012-01-31,-2.656591833411935,0.5208333333333334,,False
2012-02-01,-4.484080749919852,0.5625,,False
2012-02-02,-3.0956421073414173,0.4375,0.030956421073414172,True
2012-02-03,-2.8564507129926766,0.1666666666666666,0.028564507129926767,True
2012-02-04,-2.2466995345321936,0.3958333333333333,0.022466995345321938,True
2012-02-05,-3.216552451971795,0.5,0.03216552451971795,True
2012-02-06,-2.9840606885227503,0.5416666666666666,,False
2012-02-07,-2.9710574517598887,0.3333333333333333,0.029710574517598887,True
2012-02-08,-1.3855435043785156,0.5208333333333334,,False
2012-02-09,-5.5544180222728725,0.6041666666666666,,False
2012-02-10,-3.823677063965345,0.7291666666666666,,False
2012-02-11,-1.3666266305596588,0.5833333333333334,,False
2012-02-12,-2.398374835028117,0.6041666666666666,,False
2012-02-13,-3.2710388377373465,0.6666666666666666,,False
2012-02-14,-6.639655479778077,0.6458333333333334,,False
2012-02-15,-2.0431141887810806,0.5833333333333334,,False
2012-02-16,-3.1489497388101526,0.6875,,False
2012-02-17,-0.1932103722860536,0.8541666666666666,,False
2012-02-18,-1.5213600770338334,0.7708333333333334,,False
2012-02-19,-2.014381389315816,0.6041666666666666,,False
2012-02-20,-4.941960340020054,0.375,0.04941960340020054,True
2012-02-21,-5.359006529125169,0.5,0.053590065291251696,True
2012-02-22,-1.0565660592989277,0.5,0.010565660592989277,True
2012-02-23,-1.8908679796636505,0.3541666666666667,0.018908679796636504,True
2012-02-24,-2.6615714093601204,0.5625,,False
2012-02-25,-2.636458020017236,0.5208333333333334,,False
2012-02-26,-0.9694533032514338,0.6875,,False
2012-02-27,-6.029723775856295,0.5625,,False
2012-02-28,-2.6532218902838838,0.5208333333333334,,False
2012-02-29,-2.0270359951061043,0.6458333333333334,,False
2012-03-01,-3.431057152982324,0.625,,False
2012-03-02,-4.171002569626638,0.5208333333333334,,False
2012-03-03,-1.6647497280023986,0.8125,,False
2012-03-04,-3.120916424341278,0.8125,,False
2012-03-05,-2.933601238455533,0.4791666666666667,0.02933601238455533,True
2012-03-06,-2.986180884247868,0.5833333333333334,,False
2012-03-07,-2.0058762099898253,0.75,,False
2012-03-08,-2.875936409933577,0.5833333333333334,,False
2012-03-09,2.0239911741492342,0.8333333333333334,,False
2012-03-10,-2.697490366541567,0.3541666666666667,0.026974903665415672,True
2012-03-11,-3.3079239213478777,0.6458333333333334,,False
2012-03-12,-3.12251940624372,0.7291666666666666,,False
2012-03-13,-3.981163181187746,0.5416666666666666,,False
2012-03-14,-2.4277968506233973,0.3333333333333333,0.024277968506233972,True
2012-03-15,-5.692150857574431,0.2708333333333333,0.05692150857574431,True
2012-03-16,-3.4445064465483948,0.3541666666666667,0.03444506446548395,True
2012-03-17,-3.358295019719264,0.6041666666666666,,False
2012-03-18,-4.308784450710765,0.5833333333333334,,False
2012-03-19,-3.2174087480999045,0.6458333333333334,,False
2012-03-20,-2.8373400071098263,0.7083333333333334,,False
2012-03-21,-1.348302617741675,0.7916666666666666,,False
2012-03-22,-3.100074824430662,0.6666666666666666,,False
2012-03-23,-5.008987762599947,0.6458333333333334,,False
2012-03-24,-2.7801141264719558,0.625,,False
2012-03-25,-5.3233095117356735,0.4166666666666667,0.05323309511735674,True
2012-03-26,-3.479820108475703,0.5833333333333334,,False
2012-03-27,-4.586914147129288,0.4166666666666667,0.045869141471292875,True
2012-03-28,-5.524859614096999,0.7708333333333334,,False
2012-03-29,-4.254072464690795,0.4375,0.04254072464690795,True
2012-03-30,-6.202001586131398,0.5,0.062020015861313976,True
2012-03-31,-6.8651875688077695,0.3125,0.0686518756880777,True
2012-04-01,-2.4597375622823794,0.8541666666666666,,False
2012-04-02,-1.6864655519797538,0.4375,0.016864655519797538,True
2012-04-03,-3.096336177017474,0.375,0.030963361770174738,True
2012-04-04,-3.2035724062276074,0.5625,,False
2012-04-05,-3.407542795604526,0.5833333333333334,,False
2012-04-06,-4.135435943095541,0.6458333333333334,,False
2012-04-07,-3.883181368705566,0.6458333333333334,,False
2012-04-08,-4.058022556458056,0.6666666666666666,,False
2012-04-09,-2.593915849236735,0.5416666666666666,,False
2012-04-10,-3.910399790282293,0.6666666666666666,,False
2012-04-11,-3.3006417203283065,0.6875,,False
2012-04-12,-2.6462814040565807,0.7916666666666666,,False
2012-04-13,-3.22081653355542,0.6875,,False
2012-04-14,-2.885180902442387,0.6666666666666666,,False
2012-04-15,-3.274276106426007,0.4375,0.03274276106426007,True
2012-04-16,-3.1782332477409185,0.5833333333333334,,False
2012-04-17,-5.3119345867560055,0.4583333333333333,0.05311934586756006,True
2012-04-18,-3.756561579015682,0.7708333333333334,,False
2012-04-19,-2.1977909994238733,0.7708333333333334,,False
2012-04-20,-4.047081284530142,0.8125,,False
2012-04-21,-5.486997958722367,0.5625,,False
2012-04-22,-2.210317196100292,0.8125,,False
2012-04-23,-3.525191913793923,0.3333333333333333,0.03525191913793923,True
2012-04-24,-1.7299999474572745,0.5833333333333334,,False
2012-04-25,-6.533877788855373,0.6875,,False
2012-04-26,-3.304091541378024,0.7083333333333334,,False
2012-04-27,-1.590579464446987,0.7916666666666666,,False
2012-04-28,-3.4487881950480923,0.3958333333333333,0.03448788195048092,True
2012-04-29,-3.029938117114168,0.3958333333333333,0.03029938117114168,True
2012-04-30,-3.8208593841332,0.5625,,False
2012-05-01,-7.19653823948664,0.6666666666666666,,False
2012-05-02,-4.650771776700217,0.6666666666666666,,False
2012-05-03,-2.255226044690442,0.75,,False
2012-05-04,-5.369522859937327,0.4375,0.053695228599373264,True
2012-05-05,-4.799250883710412,0.4375,0.047992508837104125,True
2012-05-06,-8.12093191682648,0.6458333333333334,,False
2012-05-07,-5.878246619953395,0.5625,,False
2012-05-08,-8.12999787311902,0.7083333333333334,,False
2012-05-09,-6.500477274173797,0.7291666666666666,,False
2012-05-10,-5.446426651428601,0.5625,,False
2012-05-11,-5.657460561000303,0.6666666666666666,,False
2012-05-12,-6.7301146057057135,0.5416666666666666,,False
2012-05-13,-5.1653996740305645,0.6875,,False
2012-05-14,-8.865929699177387,0.7916666666666666,,False
2012-05-15,-6.577602209008854,0.5208333333333334,,False
2012-05-16,-5.617045154652538,0.5833333333333334,,False
2012-05-17,-3.0912691837230324,0.5416666666666666,,False
2012-05-18,-5.316090393052726,0.75,,False
2012-05-19,-4.58770772428734,0.4166666666666667,0.045877077242873404,True
2012-05-20,-2.21388127150699,0.4791666666666667,0.0221388127150699,True
2012-05-21,-4.947379515023446,0.6458333333333334,,False
2012-05-22,-4.933870898901962,0.6458333333333334,,False
2012-05-23,-5.911489285418593,0.4583333333333333,0.05911489285418593,True
2012-05-24,-5.08242520916732,0.6458333333333334,,False
2012-05-25,-6.041154115778873,0.5833333333333334,,False
2012-05-26,-5.529511825862434,0.625,,False
2012-05-27,-3.804274015942098,0.5208333333333334,,False
2012-05-28,-3.907630628032991,0.7083333333333334,,False
2012-05-29,-4.888717049329979,0.75,,False
2012-05-30,-6.251681904179854,0.6875,,False
2012-05-31,-6.919848366139062,0.4791666666666667,0.06919848366139063,True
2012-06-01,-4.694280386663112,0.7291666666666666,,False
2012-06-02,-5.992111742669107,0.6666666666666666,,False
2012-06-03,-8.072843398022812,0.5833333333333334,,False
2012-06-04,-7.290063255633594,0.2916666666666667,0.07290063255633594,True
2012-06-05,-5.3351084976475045,0.5416666666666666,,False
2012-06-06,-7.935036284557152,0.5,0.07935036284557152,True
2012-06-07,-7.015164751108654,0.3125,0.07015164751108655,True
2012-06-08,-3.830513953709497,0.5416666666666666,,False
2012-06-09,-5.033834679196828,0.4375,0.05033834679196828,True
2012-06-10,-0.2809803374890745,0.8541666666666666,,False
2012-06-11,-6.3148723216396885,0.5,0.06314872321639689,True
2012-06-12,-3.6036164759999543,0.5416666666666666,,False
2012-06-13,-4.596842633364327,0.375,0.045968426333643266,True
2012-06-14,-5.210659625738626,0.5208333333333334,,False
2012-06-15,-4.743029032859633,0.375,0.04743029032859633,True
2012-06-16,-6.23455225019084,0.3541666666666667,0.062345522501908404,True
2012-06-17,-4.46021885556573,0.4166666666666667,0.0446021885556573,True
2012-06-18,-2.7523057259093164,0.5833333333333334,,False
2012-06-19,-4.600413122622967,0.5208333333333334,,False
2012-06-20,-4.344068491271156,0.3541666666666667,0.04344068491271156,True
2012-06-21,-5.36790167608898,0.4583333333333333,0.0536790167608898,True
2012-06-22,-5.110469309684937,0.5208333333333334,,False
2012-06-23,-4.181113265185538,0.5833333333333334,,False
2012-06-24,-4.011911947595676,0.6458333333333334,,False
2012-06-25,-4.436769181367114,0.4791666666666667,0.044367691813671145,True
2012-06-26,-6.110549021780454,0.625,,False
2012-06-27,-4.0669668423732,0.5833333333333334,,False
2012-06-28,-4.40759723026804,0.4375,0.0440759723026804,True
2012-06-29,-6.542076374381136,0.4583333333333333,0.06542076374381135,True
2012-06-30,-2.976188992684907,0.6666666666666666,,False
2012-07-01,-3.571798117958757,0.5208333333333334,,False
2012-07-02,-2.518736458422599,0.5416666666666666,,False
2012-07-03,-5.023267523009014,0.4791666666666667,0.05023267523009014,True
2012-07-04,-5.23842786841969,0.6666666666666666,,False
2012-07-05,-3.88318362141366,0.5208333333333334,,False
2012-07-06,-1.3346126264066207,0.7083333333333334,,False
2012-07-07,-3.294348880547456,0.6666666666666666,,False
2012-07-08,-2.8598151678187467,0.5416666666666666,,False
2012-07-09,-1.4350313562905372,0.7291666666666666,,False
2012-07-10,-2.636368384762436,0.625,,False
2012-07-11,-3.561772378100747,0.5,0.03561772378100747,True
2012-07-12,-4.508261037767771,0.5625,,False
2012-07-13,-1.7612159854814051,0.7083333333333334,,False
2012-07-14,-0.8641228292197004,0.75,,False
2012-07-15,-6.850702503274264,0.5,0.06850702503274264,True
2012-07-16,-5.763041808975065,0.5208333333333334,,False
2012-07-17,-5.5161664124720255,0.6458333333333334,,False
2012-07-18,-6.025380725811045,0.4583333333333333,0.06025380725811045,True
2012-07-19,-5.0973046751368845,0.6666666666666666,,False
2012-07-20,-6.590527312616449,0.4166666666666667,0.0659052731261645,True
2012-07-21,-6.84254220605704,0.4583333333333333,0.0684254220605704,True
2012-07-22,-7.179766659957502,0.6875,,False
2012-07-23,-6.906841273024543,0.2083333333333333,0.06906841273024543,True
2012-07-24,-4.507054827086597,0.5625,,False
2012-07-25,-5.705942014247802,0.6458333333333334,,False
2012-07-26,-4.822399712586071,0.3333333333333333,0.04822399712586071,True
2012-07-27,-4.309106415416736,0.5208333333333334,,False
2012-07-28,-6.877014198206148,0.4166666666666667,0.06877014198206148,True
2012-07-29,-4.980243888258533,0.75,,False
2012-07-30,-6.983821534309195,0.5416666666666666,,False
2012-07-31,-7.792600848650244,0.4166666666666667,0.07792600848650244,True
2012-08-01,-5.952191945440183,0.2708333333333333,0.05952191945440183,True
2012-08-02,-7.086262799657877,0.3541666666666667,0.07086262799657878,True
2012-08-03,-5.502344474320092,0.5208333333333334,,False
2012-08-04,-5.034749048330197,0.4166666666666667,0.050347490483301977,True
2012-08-05,-4.986235965100579,0.3958333333333333,0.049862359651005786,True
2012-08-06,-6.44005750810393,0.5625,,False
2012-08-07,-1.839032962421751,0.8125,,False
2012-08-08,-5.684878875780586,0.5416666666666666,,False
2012-08-09,-3.8936135367406512,0.5625,,False
2012-08-10,-4.398727183028929,0.5416666666666666,,False
2012-08-11,-3.7495914136378055,0.4791666666666667,0.03749591413637805,True
2012-08-12,-9.35496804434248,0.6041666666666666,,False
2012-08-13,-4.440390052377566,0.3125,0.04440390052377566,True
2012-08-14,-5.241532066426929,0.4791666666666667,0.052415320664269294,True
2012-08-15,-5.765407980414152,0.5833333333333334,,False
2012-08-16,-5.622090106117788,0.6041666666666666,,False
2012-08-17,-2.121379009322913,0.8333333333333334,,False
2012-08-18,-2.4791955895764413,0.7708333333333334,,False
2012-08-19,-4.563477489412333,0.5833333333333334,,False
2012-08-20,-3.6134654481919104,0.5625,,False
2012-08-21,-6.200368575676155,0.7083333333333334,,False
2012-08-22,-3.69331925045792,0.8541666666666666,,False
2012-08-23,-4.150204404855368,0.625,,False
2012-08-24,-7.851748126104398,0.4583333333333333,0.07851748126104398,True
2012-08-25,-6.709904758261813,0.5416666666666666,,False
2012-08-26,-8.815064493424789,0.6041666666666666,,False
2012-08-27,-6.048279678301258,0.6875,,False
2012-08-28,-5.660695542595277,0.5625,,False
2012-08-29,-3.1548440234762998,0.6458333333333334,,False
2012-08-30,-1.0610040492543842,0.7708333333333334,,False
2012-08-31,-7.401512213124675,0.6666666666666666,,False
2012-09-01,-5.470239795200369,0.625,,False
2012-09-02,-4.081254836158222,0.5833333333333334,,False
2012-09-03,-4.1124100983058005,0.4791666666666667,0.04112410098305801,True
2012-09-04,-2.545446329910232,0.4583333333333333,0.025454463299102323,True
2012-09-05,-4.141117997132128,0.75,,False
2012-09-06,-5.542264020074119,0.7291666666666666,,False
2012-09-07,-3.133735993244003,0.4375,0.03133735993244003,True
2012-09-08,-2.354683221701703,0.6458333333333334,,False
2012-09-09,-4.704318394784486,0.5833333333333334,,False
2012-09-10,-8.606455095786702,0.1875,0.08606455095786701,True
2012-09-11,-7.243625041578912,0.5,0.07243625041578912,True
2012-09-12,-5.629030226677755,0.6458333333333334,,False
2012-09-13,-3.223912104772352,0.6458333333333334,,False
2012-09-14,-7.128076577905753,0.5416666666666666,,False
2012-09-15,-7.35605913317785,0.5833333333333334,,False
2012-09-16,-4.447514208090171,0.5625,,False
2012-09-17,-5.34626504094396,0.6041666666666666,,False
2012-09-18,-3.677906529992513,0.5625,,False
2012-09-19,-4.940956945704196,0.5833333333333334,,False
2012-09-20,-5.253344547295721,0.4166666666666667,0.05253344547295721,True
2012-09-21,-5.275811057119608,0.6666666666666666,,False
2012-09-22,-5.718034588513707,0.5,0.057180345885137075,True
2012-09-23,-5.739744825179897,0.6666666666666666,,False
2012-09-24,-4.393616842240247,0.7916666666666666,,False
2012-09-25,-7.683263485193683,0.5208333333333334,,False
2012-09-26,-4.744044776405533,0.5833333333333334,,False
2012-09-27,-1.9063681919585864,0.875,,False
2012-09-28,-8.53300795641362,0.5625,,False
2012-09-29,-4.764919335892832,0.7291666666666666,,False
2012-09-30,-8.282340024545777,0.375,0.08282340024545777,True
2012-10-01,-2.8703697696005044,0.4166666666666667,0.028703697696005046,True
2012-10-02,-7.265236533696448,0.5625,,False
2012-10-03,-8.064741579853612,0.4583333333333333,0.08064741579853613,True
2012-10-04,-6.072490087888195,0.6041666666666666,,False
2012-10-05,-6.464783776139222,0.5208333333333334,,False
2012-10-06,-7.476902999698399,0.5208333333333334,,False
2012-10-07,-2.3962613139369973,0.7291666666666666,,False
2012-10-08,-5.452105682442866,0.5833333333333334,,False
2012-10-09,-3.918628879899275,0.6041666666666666,,False
2012-10-10,0.3203801183152895,0.6875,,False
2012-10-11,-4.9157994065488415,0.4791666666666667,0.04915799406548842,True
2012-10-12,-2.944001041336336,0.7291666666666666,,False
2012-10-13,-3.672558837831883,0.3958333333333333,0.03672558837831883,True
2012-10-14,-4.893126806738726,0.6666666666666666,,False
2012-10-15,-2.1448310939353834,0.3333333333333333,0.021448310939353833,True
2012-10-16,-1.1299530544300578,0.5625,,False
2012-10-17,-3.573256290343424,0.6458333333333334,,False
2012-10-18,-2.8852940842058583,0.375,0.028852940842058583,True
2012-10-19,-1.621459242513051,0.6666666666666666,,False
2012-10-20,-1.6410565094393983,0.6458333333333334,,False
2012-10-21,-3.524643542526091,0.4166666666666667,0.03524643542526091,True
2012-10-22,-3.335133836201156,0.4375,0.03335133836201156,True
2012-10-23,0.2445178482406422,0.875,,False
2012-10-24,-3.644475472910524,0.6041666666666666,,False
2012-10-25,-4.134981072194837,0.4791666666666667,0.04134981072194836,True
2012-10-26,-3.279105632492097,0.5208333333333334,,False
2012-10-27,-5.579581842078529,0.6041666666666666,,False
2012-10-28,-1.8864766303344855,0.8333333333333334,,False
2012-10-29,-3.4732038824667835,0.6666666666666666,,False
2012-10-30,-3.501080399851275,0.6666666666666666,,False
2012-10-31,-5.195125630179053,0.5833333333333334,,False
2012-11-01,-4.63928210732696,0.5416666666666666,,False
2012-11-02,-4.073102983244012,0.625,,False
2012-11-03,-1.580400883896161,0.375,0.01580400883896161,True
2012-11-04,0.0143850271381835,0.8125,,False
2012-11-05,-3.577257271975643,0.5416666666666666,,False
2012-11-06,-5.453502860221744,0.5,0.05453502860221744,True
2012-11-07,-3.0804699367581336,0.5833333333333334,,False
2012-11-08,0.5544084721054304,0.5416666666666666,,False
2012-11-09,-5.110443587993196,0.4791666666666667,0.051104435879931964,True
2012-11-10,-3.367107180792566,0.5625,,False
2012-11-11,-4.674096902220255,0.4791666666666667,0.04674096902220255,True
2012-11-12,-4.585723245200941,0.625,,False
2012-11-13,-2.885112485636636,0.5625,,False
2012-11-14,-4.399092993437086,0.2916666666666667,0.043990929934370857,True
2012-11-15,-4.0047944426572535,0.5416666666666666,,False
2012-11-16,-2.627312389348698,0.5,0.02627312389348698,True
2012-11-17,-3.3023596071990133,0.5208333333333334,,False
2012-11-18,-2.016629673379033,0.6875,,False
2012-11-19,-5.113938681522752,0.625,,False
2012-11-20,-2.44284507607007,0.4791666666666667,0.0244284507607007,True
2012-11-21,-3.2495664816680767,0.625,,False
2012-11-22,-3.903716302316326,0.6041666666666666,,False
2012-11-23,-3.1223376981701274,0.6458333333333334,,False
2012-11-24,-3.290748314064748,0.8541666666666666,,False
2012-11-25,-3.816274448316828,0.4375,0.03816274448316828,True
2012-11-26,-5.135121615897481,0.7708333333333334,,False
2012-11-27,-3.4689598270272533,0.75,,False
2012-11-28,-3.9477736673187,0.6666666666666666,,False
2012-11-29,-3.4726611072999845,0.6666666666666666,,False
2012-11-30,-3.731692386373824,0.5416666666666666,,False
2012-12-01,-5.22516539135405,0.7291666666666666,,False
2012-12-02,-1.3574958862092514,0.4375,0.013574958862092514,True
2012-12-03,-4.482725734461565,0.4791666666666667,0.04482725734461565,True
2012-12-04,-5.91586469033416,0.625,,False
2012-12-05,-4.598429454580043,0.375,0.045984294545800435,True
2012-12-06,-5.220872484696958,0.4583333333333333,0.05220872484696958,True
2012-12-07,-3.00113106924244,0.5208333333333334,,False
2012-12-08,-2.3716397806074387,0.6875,,False
2012-12-09,-1.518702718780802,0.5416666666666666,,False
2012-12-10,-2.810859338775018,0.75,,False
2012-12-11,-3.3449950739114187,0.6666666666666666,,False
2012-12-12,-2.2191165488426305,0.5416666666666666,,False
2012-12-13,-2.8494039428707367,0.5833333333333334,,False
2012-12-14,-2.523681540798412,0.375,0.02523681540798412,True
2012-12-15,-2.8813740608731986,0.7291666666666666,,False
2012-12-16,-2.061414460295535,0.4791666666666667,0.02061414460295535,True
2012-12-17,-2.977222049391252,0.3333333333333333,0.029772220493912517,True
2012-12-18,-2.1740310550268607,0.4166666666666667,0.021740310550268607,True
2012-12-19,-3.984858059899279,0.5208333333333334,,False
2012-12-20,-3.0445788796374007,0.5625,,False
2012-12-21,-2.1394426777793982,0.4583333333333333,0.021394426777793983,True
2012-12-22,-1.3137907922941672,0.7291666666666666,,False
2012-12-23,-5.985243754258647,0.6666666666666666,,False
2012-12-24,-2.751494886223205,0.5416666666666666,,False
2012-12-25,-2.081539679442362,0.3541666666666667,0.02081539679442362,True
2012-12-26,-3.886320864701253,0.625,,False
2012-12-27,-3.080445186261167,0.6041666666666666,,False
2012-12-28,-2.9149637143792257,0.4583333333333333,0.02914963714379226,True
2012-12-29,-2.786064188180472,0.6875,,False
2012-12-30,-5.047805317259951,0.6458333333333334,,False
2012-12-31,-2.004090036237414,0.4166666666666667,0.02004090036237414,True
2013-01-01,-1.821805527681909,0.625,,False
2013-01-02,-0.596375174838264,0.5416666666666666,,False
2013-01-03,-1.7548746444509968,0.6666666666666666,,False
2013-01-04,-1.0022717243331407,0.7708333333333334,,False
2013-01-05,-3.324191279141859,0.6041666666666666,,False
2013-01-06,-3.841982054001587,0.7708333333333334,,False
2013-01-07,-3.860898642034333,0.6666666666666666,,False
2013-01-08,-0.126895235191661,0.7083333333333334,,False
2013-01-09,-1.2337464440851893,1.0625,,False
2013-01-10,-2.839318397547881,1.1875,,False
2013-01-11,-0.5604927106928081,1.1041666666666667,,False
2013-01-12,-1.975318396637548,0.7083333333333334,,False
2013-01-13,-2.301488819946239,0.9583333333333334,,False
2013-01-14,-0.963780139122218,1.0833333333333333,,False
2013-01-15,-0.8001880542841211,0.9791666666666666,,False
2013-01-16,-1.6815089611139604,0.6666666666666666,,False
2013-01-17,-1.9539029139016029,0.7291666666666666,,False
2013-01-18,-2.645615313932783,0.5833333333333334,,False
2013-01-19,-1.4468631587818408,0.6875,,False
2013-01-20,-2.2788522117932057,0.5625,,False
2013-01-21,-1.3621428228436645,0.6458333333333334,,False
2013-01-22,-2.2879786772267687,0.4791666666666667,0.022879786772267686,True
2013-01-23,-4.364956055890372,0.5416666666666666,,False
2013-01-24,-3.5227889440538656,0.5625,,False
2013-01-25,-2.6679813872432434,0.5625,,False
2013-01-26,-2.6789815120578484,0.5416666666666666,,False
2013-01-27,-2.794136744142147,0.5208333333333334,,False
2013-01-28,-2.153304553061003,0.7916666666666666,,False
2013-01-29,-1.1953687353987228,0.6458333333333334,,False
2013-01-30,-1.823293164120064,0.4791666666666667,0.018232931641200642,True
2013-01-31,-1.7935905243631716,0.7291666666666666,,False
2013-02-01,-0.9080423938961236,0.8541666666666666,,False
2013-02-02,-1.3832744387746732,0.625,,False
2013-02-03,-1.1353080045164603,0.5833333333333334,,False
2013-02-04,-1.40426371599957,0.5833333333333334,,False
2013-02-05,-1.2434603244043263,0.875,,False
2013-02-06,-1.027561641755666,0.7291666666666666,,False
2013-02-07,0.4389157844972066,0.8958333333333334,,False
2013-02-08,-1.8616973345202328,0.625,,False
2013-02-09,0.0167716859002947,0.875,,False
2013-02-10,-3.0966218936283783,0.6875,,False
2013-02-11,-0.1800009310685162,0.875,,False
2013-02-12,-1.5194264208936672,0.6666666666666666,,False
2013-02-13,-2.136150570626253,0.5208333333333334,,False
2013-02-14,-0.6464966244078909,0.7916666666666666,,False
2013-02-15,-2.1737128810578343,0.875,,False
2013-02-16,-2.1652208981064724,0.6875,,False
2013-02-17,-2.2451487341713365,0.6666666666666666,,False
2013-02-18,-0.5700732086641949,0.8958333333333334,,False
2013-02-19,-2.276078741268537,0.7083333333333334,,False
2013-02-20,-2.38045204229245,0.7083333333333334,,False
2013-02-21,-3.905963647857604,0.7083333333333334,,False
2013-02-22,-5.38414153949562,0.7083333333333334,,False
2013-02-23,-3.4583342532872825,0.6041666666666666,,False
2013-02-24,-1.545462209956982,0.5,0.015454622099569819,True
2013-02-25,-1.947025747434204,0.8333333333333334,,False
2013-02-26,-1.9053835313491847,0.6875,,False
2013-02-27,-1.7595804251024565,0.7708333333333334,,False
2013-02-28,-3.863603934296037,0.7708333333333334,,False
2013-03-01,-1.0700588550702972,0.7083333333333334,,False
2013-03-02,-0.397663076681482,0.8541666666666666,,False
2013-03-03,-0.8620969781954888,0.5625,,False
2013-03-04,-1.50165897870856,0.4166666666666667,0.015016589787085598,True
2013-03-05,-0.3238414971511506,0.6875,,False
2013-03-06,0.1886532001348396,0.8958333333333334,,False
2013-03-07,1.683431713219806,0.8541666666666666,,False
2013-03-08,-2.684848122709397,0.6041666666666666,,False
2013-03-09,-2.7510494820744635,0.5416666666666666,,False
2013-03-10,-1.9079602535172304,0.4583333333333333,0.019079602535172303,True
2013-03-11,-2.3857728166245047,0.6041666666666666,,False
2013-03-12,-2.75539282906637,0.5625,,False
2013-03-13,-2.3539866535492258,0.8125,,False
2013-03-14,-0.338392292589772,0.875,,False
2013-03-15,-1.3237965742402729,0.5416666666666666,,False
2013-03-16,-0.8925302159331104,0.4791666666666667,0.008925302159331105,True
2013-03-17,-1.2803253857354249,0.6666666666666666,,False
2013-03-18,-0.6217907345128791,0.7291666666666666,,False
2013-03-19,-3.334845545303694,0.7708333333333334,,False
2013-03-20,-2.1082640482991413,0.75,,False
2013-03-21,-2.1975359834991544,0.6666666666666666,,False
2013-03-22,-1.28894386489974,0.6666666666666666,,False
2013-03-23,-0.3908144677808446,0.8125,,False
2013-03-24,-0.5099827710867517,0.7916666666666666,,False
2013-03-25,-1.3692686271340964,0.5625,,False
2013-03-26,1.0026597469197134,1.2083333333333333,,False
2013-03-27,-0.000332899869408,0.7083333333333334,,False
2013-03-28,-0.0484028338466242,0.9166666666666666,,False
2013-03-29,-1.5426181398492778,0.6458333333333334,,False
2013-03-30,0.5994387665892772,0.8958333333333334,,False
2013-03-31,-0.8014416366639812,0.7291666666666666,,False
2013-04-01,-0.3707671536783452,1.25,,False
2013-04-02,-0.6622575055566385,0.6666666666666666,,False
2013-04-03,0.0105641191663463,0.9583333333333334,,False
2013-04-04,0.5857977975460852,0.9166666666666666,,False
2013-04-05,-1.6326971318050283,0.7916666666666666,,False
2013-04-06,-2.2951323811937465,0.7916666666666666,,False
2013-04-07,-0.8519284580701999,0.9166666666666666,,False
2013-04-08,-2.743732965909388,0.7291666666666666,,False
2013-04-09,-2.184622619919441,0.75,,False
2013-04-10,-2.566178543329688,0.8125,,False
2013-04-11,-3.0377056198868577,0.5208333333333334,,False
2013-04-12,-1.6613886076286255,0.875,,False
2013-04-13,-1.6057522755720648,0.5,0.016057522755720647,True
2013-04-14,-0.083486420317834,0.8958333333333334,,False
2013-04-15,-3.603727522441833,0.7291666666666666,,False
2013-04-16,-3.254044480340951,0.75,,False
2013-04-17,-2.9466528596039896,0.7708333333333334,,False
2013-04-18,-1.013673369648966,1.0625,,False
2013-04-19,-4.838005216920865,1.0208333333333333,,False
2013-04-20,-3.139147594336983,0.8958333333333334,,False
2013-04-21,-2.683397006226224,0.7916666666666666,,False
2013-04-22,-2.084119811986867,0.8125,,False
2013-04-23,-4.076310359101132,0.7916666666666666,,False
2013-04-24,-2.052841690714922,0.8125,,False
2013-04-25,-2.8162724883264105,0.875,,False
2013-04-26,-5.396059254162147,0.8958333333333334,,False
2013-04-27,-3.1528397502573746,0.9583333333333334,,False
2013-04-28,-2.700672043803095,0.5833333333333334,,False
2013-04-29,-5.552553058963222,0.6875,,False
2013-04-30,-2.864500388279566,0.6875,,False
2013-05-01,0.4033679322832442,0.8541666666666666,,False
2013-05-02,-4.345652023846978,0.8333333333333334,,False
2013-05-03,-1.7749604845849278,0.6875,,False
2013-05-04,-2.6903268160535574,0.7916666666666666,,False
2013-05-05,-1.3127679406479,0.6458333333333334,,False
2013-05-06,-3.830442060141346,0.6041666666666666,,False
2013-05-07,-4.637089429720878,0.7291666666666666,,False
2013-05-08,-3.4318067838595105,0.875,,False
2013-05-09,-2.4677979952125164,0.75,,False
2013-05-10,0.0424750398697021,0.875,,False
2013-05-11,-0.6137372960634592,0.8125,,False
2013-05-12,-2.783645214954402,0.8333333333333334,,False
2013-05-13,-0.9321975022450268,0.9791666666666666,,False
2013-05-14,-1.2043928735856366,1.2708333333333333,,False
2013-05-15,-0.6084496195240793,1.0208333333333333,,False
2013-05-16,-1.3662760809808898,1.0416666666666667,,False
2013-05-17,-0.8469117708200625,1.0,,False
2013-05-18,1.289471332095961,0.875,,False
2013-05-19,-1.1259430040667853,0.875,,False
2013-05-20,-0.1581944720486843,0.7916666666666666,,False
2013-05-21,-2.109233156142939,0.75,,False
2013-05-22,-1.1397618121744524,0.6875,,False
2013-05-23,-3.144404417162156,0.7708333333333334,,False
2013-05-24,-1.9840195162103995,0.625,,False
2013-05-25,-3.471761561901068,0.6041666666666666,,False
2013-05-26,-3.1378471306478355,0.6875,,False
2013-05-27,-0.9579579303969062,0.8125,,False
2013-05-28,-1.6964696040034737,0.7916666666666666,,False
2013-05-29,-3.8771825633318393,0.6666666666666666,,False
2013-05-30,-4.106142732236646,0.7708333333333334,,False
2013-05-31,-3.128517948619438,0.5416666666666666,,False
2013-06-01,-4.549942504065318,0.6666666666666666,,False
2013-06-02,-0.3017898780168794,0.6666666666666666,,False
2013-06-03,-4.059803089888312,0.7916666666666666,,False
2013-06-04,0.9153870055748112,0.9791666666666666,,False
2013-06-05,-2.3956170123087146,0.7708333333333334,,False
2013-06-06,-2.551501228751157,0.8333333333333334,,False
2013-06-07,-5.689573042565759,0.8333333333333334,,False
2013-06-08,-4.148323511519442,0.9583333333333334,,False
2013-06-09,-2.4182459682356843,0.6458333333333334,,False
2013-06-10,-4.77442617507195,0.8125,,False
2013-06-11,-4.740306151538726,0.7083333333333334,,False
2013-06-12,-3.122420428010589,0.8958333333333334,,False
2013-06-13,-3.2764500335696494,0.9791666666666666,,False
2013-06-14,-4.209219854083666,0.7291666666666666,,False
2013-06-15,-5.505301289794311,0.75,,False
2013-06-16,-3.804220135588872,0.6875,,False
2013-06-17,-3.6681077635300254,0.75,,False
2013-06-18,-5.334609320937565,0.8541666666666666,,False
2013-06-19,-3.732736288868744,0.625,,False
2013-06-20,-5.987299616447296,0.7708333333333334,,False
2013-06-21,-3.5821693330685727,0.8125,,False
2013-06-22,-3.776159663881714,0.9166666666666666,,False
2013-06-23,-2.4259376895371605,0.8125,,False
2013-06-24,-2.806552125873247,0.7708333333333334,,False
2013-06-25,-4.596735120318249,0.7083333333333334,,False
2013-06-26,0.2371666131696578,1.125,,False
2013-06-27,-0.9639821386491246,0.7916666666666666,,False
2013-06-28,-0.0857966071107461,0.6041666666666666,,False
2013-06-29,-0.2382775663243807,0.625,,False
2013-06-30,-0.8020399781138354,0.6666666666666666,,False
2013-07-01,-0.8206982103188069,0.6875,,False
2013-07-02,0.5436948562620761,0.8541666666666666,,False
2013-07-03,-1.577901766512908,0.9375,,False
2013-07-04,-3.4878923888775786,0.625,,False
2013-07-05,-1.7565177005477646,1.1666666666666667,,False
2013-07-06,-3.8833546650632536,1.1875,,False
2013-07-07,-2.4899885042725742,1.1041666666666667,,False
2013-07-08,-0.8281026573643276,0.8333333333333334,,False
2013-07-09,-0.833553187645432,0.9583333333333334,,False
2013-07-10,-4.341458193317583,1.2708333333333333,,False
2013-07-11,-3.929355191223206,0.9375,,False
2013-07-12,-2.42770651040061,0.7291666666666666,,False
2013-07-13,-3.279539870701889,0.625,,False
2013-07-14,-4.061448645449716,0.6041666666666666,,False
2013-07-15,-3.8365375480152406,0.7291666666666666,,False
2013-07-16,-2.5677025576544854,0.6458333333333334,,False
2013-07-17,-4.711253419905672,0.6666666666666666,,False
2013-07-18,-4.062457907801898,0.6041666666666666,,False
2013-07-19,-6.574565359374133,0.5,0.06574565359374133,True
2013-07-20,-3.445382333616303,0.625,,False
2013-07-21,-2.8087823931736198,0.5833333333333334,,False
2013-07-22,-4.495193603096079,0.7083333333333334,,False
2013-07-23,-4.088443713559908,0.6458333333333334,,False
2013-07-24,-2.057984843819588,0.6666666666666666,,False
2013-07-25,-2.807592988396999,0.6041666666666666,,False
2013-07-26,-2.6222736936905897,0.7083333333333334,,False
2013-07-27,-4.740521953727961,0.6875,,False
2013-07-28,-5.700043660899734,0.7083333333333334,,False
2013-07-29,-5.445849593384959,0.6041666666666666,,False
2013-07-30,-5.194966477255705,0.6458333333333334,,False
2013-07-31,-6.97266481734715,0.8125,,False
2013-08-01,-6.083239990946916,0.5625,,False
2013-08-02,-8.615101546868614,0.7083333333333334,,False
2013-08-03,-4.965933091206601,0.6666666666666666,,False
2013-08-04,-3.120757227297048,0.6458333333333334,,False
2013-08-05,-3.016414123250958,0.875,,False
2013-08-06,-7.402082558619705,1.125,,False
2013-08-07,-5.3809134970173815,0.8333333333333334,,False
2013-08-08,-5.004769090880826,0.7291666666666666,,False
2013-08-09,-4.814919461764594,0.6458333333333334,,False
2013-08-10,-0.6990513310770156,0.9583333333333334,,False
2013-08-11,-6.568177778319089,0.6666666666666666,,False
2013-08-12,-3.6082371576504655,0.8541666666666666,,False
2013-08-13,-3.27516310451391,0.6041666666666666,,False
2013-08-14,-3.5520453332802857,0.6875,,False
2013-08-15,-2.4805360220574757,0.6041666666666666,,False
2013-08-16,-3.975252426092628,0.875,,False
2013-08-17,-5.573349896148548,0.8958333333333334,,False
2013-08-18,-5.88783441421783,0.6666666666666666,,False
2013-08-19,-2.992779645004568,0.75,,False
2013-08-20,-5.600050805003414,0.9375,,False
2013-08-21,-7.361663835173532,0.6041666666666666,,False
2013-08-22,-5.156518478369562,0.75,,False
2013-08-23,-5.498001907464348,0.8333333333333334,,False
2013-08-24,-4.686387115608376,0.5416666666666666,,False
2013-08-25,-1.480920202465108,0.6666666666666666,,False
2013-08-26,-2.9741225242604963,0.6875,,False
2013-08-27,-0.4107336821543327,0.625,,False
2013-08-28,-2.498363901616671,0.6458333333333334,,False
2013-08-29,-3.823651038270274,0.7708333333333334,,False
2013-08-30,-0.65005902895523,0.8541666666666666,,False
2013-08-31,-3.339139111204953,0.5416666666666666,,False
2013-09-01,-2.2502701506251817,0.625,,False
2013-09-02,-4.190413222702142,0.75,,False
2013-09-03,-6.016210682762599,0.8333333333333334,,False
2013-09-04,-4.520759703521204,0.8125,,False
2013-09-05,-2.8393406323493915,1.2083333333333333,,False
2013-09-06,-6.224920851224582,1.0,,False
2013-09-07,-4.158283163824584,1.2083333333333333,,False
2013-09-08,-4.348248677048647,0.9583333333333334,,False
2013-09-09,-5.102303099775004,0.9375,,False
2013-09-10,-3.4809571060915223,0.6666666666666666,,False
2013-09-11,-4.1344237769824455,0.75,,False
2013-09-12,-4.715191007140064,0.5833333333333334,,False
2013-09-13,-1.5256238119141867,0.8333333333333334,,False
2013-09-14,-2.784035624091542,0.8125,,False
2013-09-15,-5.205822767738183,0.6875,,False
2013-09-16,-1.7992958089675908,1.125,,False
2013-09-17,-3.533652809486639,0.6666666666666666,,False
2013-09-18,-6.471754274567063,0.8125,,False
2013-09-19,-5.370695171547169,0.875,,False
2013-09-20,-3.8609784252195616,0.875,,False
2013-09-21,-5.414354546620564,0.7708333333333334,,False
2013-09-22,-6.438970585286943,0.75,,False
2013-09-23,-3.108738799400213,0.7916666666666666,,False
2013-09-24,-3.528831226787228,0.6458333333333334,,False
2013-09-25,-3.4576954396615576,0.7708333333333334,,False
2013-09-26,-5.491791168779676,0.7916666666666666,,False
2013-09-27,-1.373035413034945,0.8333333333333334,,False
2013-09-28,-5.165779422460672,0.7083333333333334,,False
2013-09-29,-3.9831849085366535,0.8333333333333334,,False
2013-09-30,-5.398958804887808,0.6041666666666666,,False
2013-10-01,-3.047364987620217,0.875,,False
2013-10-02,-1.0741159617780032,0.8333333333333334,,False
2013-10-03,-1.8340739838623688,0.6666666666666666,,False
2013-10-04,-1.7259665539067457,0.6041666666666666,,False
2013-10-05,-2.210294211720088,1.0416666666666667,,False
2013-10-06,-3.420980879290151,0.6875,,False
2013-10-07,2.850938709162695,0.9791666666666666,,False
2013-10-08,-5.854942634925097,0.625,,False
2013-10-09,-1.143244296393812,0.6666666666666666,,False
2013-10-10,-4.293418524680574,0.875,,False
2013-10-11,-2.656304882810098,0.7916666666666666,,False
2013-10-12,-3.005747994486709,0.7708333333333334,,False
2013-10-13,-7.1361516896636825,0.5208333333333334,,False
2013-10-14,-5.966722010819727,0.6875,,False
2013-10-15,-5.7576966271398105,0.7708333333333334,,False
2013-10-16,-3.5208331284493597,0.75,,False
2013-10-17,-1.7078890428810058,0.6458333333333334,,False
2013-10-18,-2.88437542883416,0.5,0.0288437542883416,True
2013-10-19,-6.401432963000588,0.75,,False
2013-10-20,-4.6469471307678765,0.8333333333333334,,False
2013-10-21,-4.984963698867015,0.875,,False
2013-10-22,-4.901946829651775,0.7083333333333334,,False
2013-10-23,-6.435762279615804,0.7708333333333334,,False
2013-10-24,-4.5562788309678135,0.875,,False
2013-10-25,1.99768307596702,0.9583333333333334,,False
2013-10-26,-3.11932067515534,0.9166666666666666,,False
2013-10-27,-1.535139989056285,0.625,,False
2013-10-28,-0.7361769016225135,0.7708333333333334,,False
2013-10-29,-2.1291599096514684,0.8958333333333334,,False
2013-10-30,-3.0077845910908656,0.7708333333333334,,False
2013-10-31,-2.253682859415359,0.75,,False
2013-11-01,-3.4645214866148857,0.8541666666666666,,False
2013-11-02,-2.5114697336092924,0.6875,,False
2013-11-03,-1.0813158707539607,0.6875,,False
2013-11-04,-0.1988022480627239,0.7708333333333334,,False
2013-11-05,-0.8576479787820018,0.8958333333333334,,False
2013-11-06,-3.774912823203229,0.7291666666666666,,False
2013-11-07,-2.1093991493772246,0.8333333333333334,,False
2013-11-08,-2.9167707136666894,1.0416666666666667,,False
2013-11-09,-4.512077952614989,0.8541666666666666,,False
2013-11-10,-2.8155512307048167,0.6458333333333334,,False
2013-11-11,-0.7725288818109809,0.6666666666666666,,False
2013-11-12,-0.991077273631088,0.9583333333333334,,False
2013-11-13,-3.358014316533085,0.8125,,False
2013-11-14,-4.697238884528315,0.6041666666666666,,False
2013-11-15,-1.3206254773223949,0.7291666666666666,,False
2013-11-16,-2.37765829798476,0.75,,False
2013-11-17,-2.1786680098643925,0.9166666666666666,,False
2013-11-18,-4.0874385849339365,0.8958333333333334,,False
2013-11-19,-1.8229553511020211,0.8541666666666666,,False
2013-11-20,-0.4805497715703221,0.7083333333333334,,False
2013-11-21,-4.257774202128309,0.8333333333333334,,False
2013-11-22,-1.025144678383111,0.5,0.01025144678383111,True
2013-11-23,-0.0396363242316953,0.7708333333333334,,False
2013-11-24,0.097856415165995,0.5625,,False
2013-11-25,1.06410059442941,0.7291666666666666,,False
2013-11-26,-1.4395884986779006,0.7083333333333334,,False
2013-11-27,-0.989496187444684,0.6458333333333334,,False
2013-11-28,-1.4376393854070395,0.75,,False
2013-11-29,-1.2361348373476684,0.8541666666666666,,False
2013-11-30,-2.464461485096864,0.6458333333333334,,False
2013-12-01,-1.8099871321972545,0.6041666666666666,,False
2013-12-02,-0.8303708893883852,0.6458333333333334,,False
2013-12-03,-4.48416130253787,0.6875,,False
2013-12-04,-1.822638733477829,0.75,,False
2013-12-05,-2.097212772084882,1.0,,False
2013-12-06,-0.7214048346223703,0.9166666666666666,,False
2013-12-07,-1.4978344527547267,0.7083333333333334,,False
2013-12-08,-2.6265832717794955,0.75,,False
2013-12-09,-5.509219870216697,0.5833333333333334,,False
2013-12-10,-2.8935627763152585,0.8125,,False
2013-12-11,-1.4861604515063942,0.8333333333333334,,False
2013-12-12,-3.552415804553754,0.7916666666666666,,False
2013-12-13,-4.181023168268673,0.7083333333333334,,False
2013-12-14,-2.119383149046381,0.75,,False
2013-12-15,-5.581681773147303,0.75,,False
2013-12-16,-0.8993169279073434,0.7708333333333334,,False
2013-12-17,-6.392222992179064,0.8958333333333334,,False
2013-12-18,-1.6287648335469842,0.875,,False
2013-12-19,-4.5373425104258,0.6875,,False
2013-12-20,-4.535848216537676,0.8958333333333334,,False
2013-12-21,-4.40980830061563,0.75,,False
2013-12-22,-5.095490031312604,0.8333333333333334,,False
2013-12-23,-2.8900352249225683,0.6458333333333334,,False
2013-12-24,-5.735887409780667,0.6875,,False
2013-12-25,-3.517961790182583,0.875,,False
2013-12-26,-6.796223961183825,0.6458333333333334,,False
2013-12-27,-2.8696003047794987,0.8333333333333334,,False
2013-12-28,-4.645832485982558,0.6875,,False
2013-12-29,-3.266108077642829,0.625,,False
2013-12-30,-3.675664316149647,0.5625,,False
2013-12-31,-2.6213746000659115,0.8541666666666666,,False
2014-01-01,-2.318149574479336,0.6666666666666666,,False
2014-01-02,-3.1487377202962943,0.6875,,False
2014-01-03,-3.4330645194962988,0.7291666666666666,,False
2014-01-04,-0.9600443548912736,0.7916666666666666,,False
2014-01-05,-2.2110547112691243,0.8541666666666666,,False
2014-01-06,-5.197734063241073,0.5833333333333334,,False
2014-01-07,-3.9429412919068825,0.6458333333333334,,False
2014-01-08,-2.747198315796078,0.7916666666666666,,False
2014-01-09,-2.477546606529601,0.6875,,False
2014-01-10,-3.274360340968188,0.6041666666666666,,False
2014-01-11,-0.6166765078718909,0.9583333333333334,,False
2014-01-12,-1.2455137686040387,0.8125,,False
2014-01-13,-2.4425433299107686,0.8958333333333334,,False
2014-01-14,-2.163633455976797,0.8541666666666666,,False
2014-01-15,-0.4017313194283306,0.7708333333333334,,False
2014-01-16,-3.915609729438517,0.2083333333333333,0.03915609729438517,True
2014-01-17,-2.633019811293263,0.7291666666666666,,False
2014-01-18,-3.665722659910972,0.8958333333333334,,False
2014-01-19,-2.1750913348632177,0.875,,False
2014-01-20,3.596384772591997,1.0,,False
2014-01-21,-1.0331604826922018,0.8333333333333334,,False
2014-01-22,1.794818518799382,0.9791666666666666,,False
2014-01-23,0.5740815719259532,0.9583333333333334,,False
2014-01-24,-0.9927681135630084,0.75,,False
2014-01-25,-3.4009882296456,0.5208333333333334,,False
2014-01-26,-1.549430903744982,0.7708333333333334,,False
2014-01-27,-1.3532234296868138,0.7083333333333334,,False
2014-01-28,-1.4606419184625965,0.4583333333333333,0.014606419184625965,True
2014-01-29,-2.043071065650364,0.5208333333333334,,False
2014-01-30,-3.638826087171047,0.4791666666666667,0.03638826087171047,True
2014-01-31,-2.9536051515792514,0.6041666666666666,,False
2014-02-01,-0.4988548124473999,0.875,,False
2014-02-02,-1.7278545166871797,0.5833333333333334,,False
2014-02-03,-4.324463727929892,0.5833333333333334,,False
2014-02-04,-2.987148093959986,0.5208333333333334,,False
2014-02-05,-0.419015438132676,0.4583333333333333,0.00419015438132676,True
2014-02-06,-1.085316246764468,0.5625,,False
2014-02-07,-1.6410322898571732,0.5833333333333334,,False
2014-02-08,-2.058923227846738,0.4583333333333333,0.02058923227846738,True
2014-02-09,-0.8569455675023276,0.5208333333333334,,False
2014-02-10,0.6535428526810435,0.8541666666666666,,False
2014-02-11,-1.4406125108978574,0.75,,False
2014-02-12,-0.9245168041449778,0.7708333333333334,,False
2014-02-13,-1.069341692784314,0.6041666666666666,,False
2014-02-14,-2.0240900060943368,0.4791666666666667,0.020240900060943368,True
2014-02-15,0.1949698154082666,0.7916666666666666,,False
2014-02-16,-2.102544961309424,0.6666666666666666,,False
2014-02-17,-5.780339912776399,0.6041666666666666,,False
2014-02-18,-2.9246509154988294,0.3958333333333333,0.029246509154988293,True
2014-02-19,-1.5122927207002592,0.4791666666666667,0.015122927207002592,True
2014-02-20,-2.3673702993872863,0.1875,0.023673702993872864,True
2014-02-21,-1.4784176767905597,0.1875,0.014784176767905596,True
2014-02-22,-0.3194416949702907,0.25,0.003194416949702907,True
2014-02-23,-1.6105166395434314,0.5,0.016105166395434314,True
2014-02-24,-0.5578946214658743,0.4375,0.0055789462146587435,True
2014-02-25,-0.649326153920454,0.6458333333333334,,False
2014-02-26,-0.7652285067102359,0.375,0.007652285067102359,True
2014-02-27,-0.3633822934548852,0.3958333333333333,0.003633822934548852,True
2014-02-28,-0.0854612879278636,0.5,0.000854612879278636,True
2014-03-01,-0.0927989890201039,0.5416666666666666,,False
2014-03-02,-0.3774238690007355,0.375,0.0037742386900073547,True
2014-03-03,-0.5920427757119736,0.2083333333333333,0.0059204277571197365,True
2014-03-04,-1.5319334127964734,0.2708333333333333,0.015319334127964735,True
2014-03-05,-1.5575401165102674,0.1875,0.015575401165102674,True
2014-03-06,-0.9627994469240128,0.25,0.009627994469240127,True
2014-03-07,-0.5286527650518633,0.2708333333333333,0.005286527650518633,True
2014-03-08,-1.2289145728001034,0.3958333333333333,0.012289145728001034,True
2014-03-09,-0.3682407209745033,0.5625,,False
2014-03-10,-0.4640099197551623,0.3125,0.0046400991975516235,True
2014-03-11,-2.072107671726487,0.4791666666666667,0.020721076717264867,True
2014-03-12,-1.611395670478086,0.5208333333333334,,False
2014-03-13,-0.510905336356808,0.6875,,False
2014-03-14,-0.078262277703887,0.7083333333333334,,False
2014-03-15,1.138471474038437,0.4166666666666667,-0.011384714740384369,True
2014-03-16,-1.6204354398862395,0.6458333333333334,,False
2014-03-17,-1.696163571655096,0.3333333333333333,0.01696163571655096,True
2014-03-18,-1.490337392329674,0.2916666666666667,0.01490337392329674,True
2014-03-19,-0.2132264097426874,0.4375,0.002132264097426874,True
2014-03-20,0.4550995572133286,0.7708333333333334,,False
2014-03-21,-0.6920349413383561,0.6041666666666666,,False
2014-03-22,-0.738410137846058,0.3333333333333333,0.00738410137846058,True
2014-03-23,0.2104124195270499,0.5,-0.0021041241952704987,True
2014-03-24,0.2707713366163088,0.4583333333333333,-0.002707713366163088,True
2014-03-25,0.0927002837314551,0.4375,-0.000927002837314551,True
2014-03-26,-1.0660079891871443,0.6875,,False
2014-03-27,-0.6759084766353319,0.625,,False
2014-03-28,1.1160968438296135,0.8958333333333334,,False
2014-03-29,-0.4186646477684564,0.7083333333333334,,False
2014-03-30,0.1030231512540338,0.75,,False
2014-03-31,0.0408786207028252,0.8125,,False
2014-04-01,-1.471884987768394,0.75,,False
2014-04-02,0.1757706878185147,0.5,-0.0017577068781851472,True
2014-04-03,-0.4848015662020242,0.6666666666666666,,False
2014-04-04,0.857192152950696,0.8125,,False
2014-04-05,-0.5038046674242811,0.7291666666666666,,False
2014-04-06,-1.410515482310966,0.7916666666666666,,False
2014-04-07,-0.5923626184408248,0.6875,,False
2014-04-08,-2.201137435266878,0.7291666666666666,,False
2014-04-09,-0.3283171468492858,0.5,0.0032831714684928583,True
2014-04-10,0.2433088456717548,0.5208333333333334,,False
2014-04-11,0.2873115778564701,0.6875,,False
2014-04-12,1.1108280984300094,1.1041666666666667,,False
2014-04-13,-1.323813799013577,0.9166666666666666,,False
2014-04-14,0.7602103519006287,0.6666666666666666,,False
2014-04-15,0.7820599541510235,0.8958333333333334,,False
2014-04-16,0.1386988039227856,0.7083333333333334,,False
2014-04-17,-0.7416142697531676,0.5,0.007416142697531675,True
2014-04-18,-1.0104734792976924,0.5833333333333334,,False
2014-04-19,-0.7647050884874044,0.6875,,False
2014-04-20,-1.1704343457414623,0.5208333333333334,,False
2014-04-21,-0.648151099764549,0.5416666666666666,,False
2014-04-22,-2.405719120900815,0.75,,False
2014-04-23,-0.1593178164081417,0.7291666666666666,,False
2014-04-24,-0.9423864774499052,0.6458333333333334,,False
2014-04-25,-0.5942525175362663,0.8958333333333334,,False
2014-04-26,0.501768101385155,0.6666666666666666,,False
2014-04-27,-0.6074864549421451,0.7916666666666666,,False
2014-04-28,0.5508352113895884,1.1666666666666667,,False
2014-04-29,-1.3166611267534023,0.7083333333333334,,False
2014-04-30,-0.4025372891239785,0.9166666666666666,,False
2014-05-01,-2.0941117399647653,0.8125,,False
2014-05-02,1.039095456896497,0.8958333333333334,,False
2014-05-03,0.2833558265626761,0.75,,False
2014-05-04,-0.0860129594269717,0.8541666666666666,,False
2014-05-05,-1.229830047277794,1.0,,False
2014-05-06,-0.4979015339232781,0.625,,False
2014-05-07,-0.9687639324009034,1.0208333333333333,,False
2014-05-08,-2.6930479856090987,0.7708333333333334,,False
2014-05-09,-1.7769777436653449,0.8125,,False
2014-05-10,-1.3220824559315882,0.8541666666666666,,False
2014-05-11,-1.0246354700859532,0.7916666666666666,,False
2014-05-12,-1.3232728865740655,1.1666666666666667,,False
2014-05-13,-1.0501769436640715,1.0625,,False
2014-05-14,-2.224714739848242,1.1041666666666667,,False
2014-05-15,-3.881423996816528,1.0208333333333333,,False
2014-05-16,-0.8362192092129952,1.0625,,False
2014-05-17,-2.554221790103881,0.9166666666666666,,False
2014-05-18,-3.14126585439902,0.9583333333333334,,False
2014-05-19,-2.37315050675323,0.9583333333333334,,False
2014-05-20,-4.150620077575278,0.8958333333333334,,False
2014-05-21,-2.001230517362869,0.9583333333333334,,False
2014-05-22,-4.347376032433617,0.8125,,False
2014-05-23,-4.031696348121502,0.7708333333333334,,False
2014-05-24,1.1973211367248138,0.9583333333333334,,False
2014-05-25,-1.4032280273651638,0.8125,,False
2014-05-26,-3.889767703509975,1.1875,,False
2014-05-27,-4.803673878874357,1.1666666666666667,,False
2014-05-28,-4.362465288836933,0.875,,False
2014-05-29,-2.893064320492396,1.0,,False
2014-05-30,1.263075669284536,1.5,,False
2014-05-31,-1.2951971753855442,1.0416666666666667,,False
2014-06-01,-1.99765341822353,1.0416666666666667,,False
2014-06-02,-3.4579571284746606,1.1875,,False
2014-06-03,-5.574214831918797,1.1458333333333333,,False
2014-06-04,-0.3587376432567698,0.9791666666666666,,False
2014-06-05,-3.5652402609271108,0.9791666666666666,,False
2014-06-06,-2.4099698012698845,1.0833333333333333,,False
2014-06-07,-5.153086767872492,0.7916666666666666,,False
2014-06-08,-2.545310433079854,0.7708333333333334,,False
2014-06-09,-4.876175367436503,0.75,,False
2014-06-10,-6.980569098078944,0.6458333333333334,,False
2014-06-11,-5.20177495300392,0.7083333333333334,,False
2014-06-12,-5.669717700633293,0.7291666666666666,,False
2014-06-13,-3.840055492858124,0.5833333333333334,,False
2014-06-14,-4.766277083939165,0.625,,False
2014-06-15,-3.2824349377310558,0.7291666666666666,,False
2014-06-16,1.035511036069675,1.0833333333333333,,False
2014-06-17,-3.8493515128188736,0.8333333333333334,,False
2014-06-18,-0.943768689148119,0.5,0.00943768689148119,True
2014-06-19,-3.84309904928957,0.7708333333333334,,False
2014-06-20,-5.706996790451959,0.6666666666666666,,False
2014-06-21,-4.50744989077269,0.6458333333333334,,False
2014-06-22,0.4663962304303231,1.2083333333333333,,False
2014-06-23,-3.297376297263597,0.9583333333333334,,False
2014-06-24,-3.057858771008547,0.6666666666666666,,False
2014-06-25,-3.408445912198752,0.5833333333333334,,False
2014-06-26,-1.2845664621195314,1.0625,,False
2014-06-27,-4.865522078310264,0.75,,False
2014-06-28,-4.3272123268223055,0.7708333333333334,,False
2014-06-29,-3.5429940725401106,0.8333333333333334,,False
2014-06-30,-3.2119839127492136,0.75,,False
2014-07-01,-3.4408243102940963,0.6666666666666666,,False
2014-07-02,-2.988404422588123,0.8541666666666666,,False
2014-07-03,-4.495504647878233,0.6666666666666666,,False
2014-07-04,-3.1784254910847083,0.8958333333333334,,False
2014-07-05,-2.863763653774768,0.7708333333333334,,False
2014-07-06,-4.332182753502028,0.875,,False
2014-07-07,-2.4811632137338044,0.8333333333333334,,False
2014-07-08,-2.209603796691378,0.75,,False
2014-07-09,-4.973818510533625,0.5833333333333334,,False
2014-07-10,-1.6722408618998732,0.8125,,False
2014-07-11,-4.012911998170251,0.7291666666666666,,False
2014-07-12,-4.345056134834502,0.6458333333333334,,False
2014-07-13,-3.247705360242757,0.6666666666666666,,False
2014-07-14,-2.3885310534317457,0.7291666666666666,,False
2014-07-15,-1.3037086158874038,1.0,,False
2014-07-16,-0.5998619779661614,0.8125,,False
2014-07-17,-2.405305537684243,0.8333333333333334,,False
2014-07-18,-2.333761075917824,0.7083333333333334,,False
2014-07-19,-0.4982291423218706,0.8541666666666666,,False
2014-07-20,-2.298955573614998,0.7708333333333334,,False
2014-07-21,-3.1426800310275738,0.7083333333333334,,False
2014-07-22,-2.674712113864793,0.7916666666666666,,False
2014-07-23,-1.4957030097229107,0.9375,,False
2014-07-24,-2.0975892641270746,0.6458333333333334,,False
2014-07-25,-2.96216506235822,0.9375,,False
2014-07-26,-5.424180753580129,0.9583333333333334,,False
2014-07-27,-2.350095512861361,1.0,,False
2014-07-28,-2.73747162509716,1.0208333333333333,,False
2014-07-29,-4.432683147644116,0.9791666666666666,,False
2014-07-30,-4.740886906237521,0.875,,False
2014-07-31,-6.778446128096154,0.6875,,False
2014-08-01,-4.557407785620236,0.75,,False
2014-08-02,-3.332522800587565,0.5416666666666666,,False
2014-08-03,-4.356049873110438,0.7291666666666666,,False
2014-08-04,-3.4772740398123774,0.7291666666666666,,False
2014-08-05,-2.8619675951894625,0.5833333333333334,,False
2014-08-06,-2.545250516792961,0.6875,,False
2014-08-07,-1.7297922558387724,0.6875,,False
2014-08-08,-2.3760809815023167,0.5625,,False
2014-08-09,-3.110043867101552,0.625,,False
2014-08-10,-3.2103838849163884,0.6458333333333334,,False
2014-08-11,-3.5901699898593016,0.6666666666666666,,False
2014-08-12,-4.011088062088796,0.6666666666666666,,False
2014-08-13,-3.871730508476854,0.5625,,False
2014-08-14,-3.051514170528576,0.8125,,False
2014-08-15,-1.2629006523573767,0.875,,False
2014-08-16,-3.7376874266275286,0.75,,False
2014-08-17,-7.202765530445013,0.6458333333333334,,False
2014-08-18,-4.568815988549489,0.7083333333333334,,False
2014-08-19,-2.236566569621029,0.6458333333333334,,False
2014-08-20,-1.9000367176512256,0.625,,False
2014-08-21,-3.4868318421237694,0.875,,False
2014-08-22,-2.705442163094683,0.6458333333333334,,False
2014-08-23,-2.641457293953999,0.6458333333333334,,False
2014-08-24,-2.528736656731281,0.8125,,False
2014-08-25,-7.063866169327631,0.7083333333333334,,False
2014-08-26,-3.636805328820165,0.6666666666666666,,False
2014-08-27,-1.2341302311021218,0.8125,,False
2014-08-28,-2.791596725047981,0.75,,False
2014-08-29,-5.454999889293894,0.6458333333333334,,False
2014-08-30,-3.827377345588268,0.7083333333333334,,False
2014-08-31,-7.249601339705024,0.7291666666666666,,False
2014-09-01,-2.68555211703996,0.4791666666666667,0.026855521170399597,True
2014-09-02,-0.6283234847800578,0.7291666666666666,,False
2014-09-03,-4.444951398144546,0.625,,False
2014-09-04,-4.654822422375332,0.625,,False
2014-09-05,-4.244575028876151,0.7708333333333334,,False
2014-09-06,-3.0368654828715,0.9791666666666666,,False
2014-09-07,-4.434881999445063,1.1458333333333333,,False
2014-09-08,-5.861865183109529,0.8541666666666666,,False
2014-09-09,-3.2678869430532966,0.75,,False
2014-09-10,-3.6349071573987146,0.6666666666666666,,False
2014-09-11,-1.3572529541388711,0.875,,False
2014-09-12,-4.059547594242038,0.7916666666666666,,False
2014-09-13,-0.9342243614962163,0.8958333333333334,,False
2014-09-14,-0.8909200746493596,1.0208333333333333,,False
2014-09-15,-1.458644458933913,1.0833333333333333,,False
2014-09-16,-0.1669116428750216,0.6458333333333334,,False
2014-09-17,-1.1048244690379734,0.6041666666666666,,False
2014-09-18,-0.7539594370575806,0.7708333333333334,,False
2014-09-19,-1.9796346033794807,0.7083333333333334,,False
2014-09-20,-2.965747661959337,0.6458333333333334,,False
2014-09-21,-3.772140504378223,0.7083333333333334,,False
2014-09-22,-2.093004687278317,0.75,,False
2014-09-23,-2.101667811467,0.5833333333333334,,False
2014-09-24,-0.7517268433376312,0.75,,False
2014-09-25,-0.4973641076642626,0.75,,False
2014-09-26,-2.792464309610631,0.7291666666666666,,False
2014-09-27,-5.317323042651503,0.6041666666666666,,False
2014-09-28,-3.60847549196726,0.7916666666666666,,False
2014-09-29,-3.005532781127396,0.7083333333333334,,False
2014-09-30,-1.2207643694894572,0.6875,,False
2014-10-01,-3.851857540387291,0.6041666666666666,,False
2014-10-02,-2.9780747064681328,0.6875,,False
2014-10-03,-4.602964816561666,0.8125,,False
2014-10-04,-3.3755736256881854,1.0208333333333333,,False
2014-10-05,-3.9346989095347302,1.2083333333333333,,False
2014-10-06,-2.8755537825683093,1.3958333333333333,,False
2014-10-07,-5.249241148116223,0.9791666666666666,,False
2014-10-08,-5.383765193341916,0.8125,,False
2014-10-09,2.381297125481834,1.625,,False
2014-10-10,-6.216508487668121,0.9791666666666666,,False
2014-10-11,-6.226955443904253,1.0833333333333333,,False
2014-10-12,-7.174229234480319,0.9375,,False
2014-10-13,-4.472049237815056,0.6458333333333334,,False
2014-10-14,-1.9604768271299773,0.5416666666666666,,False
2014-10-15,-1.503015451574469,0.8958333333333334,,False
2014-10-16,-6.195840487325481,0.7083333333333334,,False
2014-10-17,-2.8918704483959417,0.6041666666666666,,False
2014-10-18,-2.765218596110845,0.9583333333333334,,False
2014-10-19,-3.322491523540792,0.7083333333333334,,False
2014-10-20,-1.667631147577892,0.875,,False
2014-10-21,-1.8492831516561183,0.6458333333333334,,False
2014-10-22,-4.4170944856545695,0.9166666666666666,,False
2014-10-23,-2.691829553197824,0.8541666666666666,,False
2014-10-24,-1.3012280579965454,1.0,,False
2014-10-25,-0.9766396796921856,1.0833333333333333,,False
2014-10-26,1.020007991945959,1.2083333333333333,,False
2014-10-27,-2.451227015317371,0.9375,,False
2014-10-28,0.5173939149456238,1.0,,False
2014-10-29,-4.971623293886228,0.9166666666666666,,False
2014-10-30,-2.952625236518905,0.7083333333333334,,False
2014-10-31,-2.8411033203787106,0.4791666666666667,0.028411033203787107,True
2014-11-01,-2.90492048363748,0.75,,False
2014-11-02,-1.8753153640149205,0.6458333333333334,,False
2014-11-03,-4.281388109512038,0.6666666666666666,,False
2014-11-04,-3.84567442823226,0.7708333333333334,,False
2014-11-05,-4.5295788392253975,0.75,,False
2014-11-06,-5.00627340150189,0.5625,,False
2014-11-07,-2.949854490020784,0.5,0.02949854490020784,True
2014-11-08,-1.877084642943496,0.6875,,False
2014-11-09,-1.3470770037694682,0.7708333333333334,,False
2014-11-10,-5.18663393610305,0.6875,,False
2014-11-11,-3.3831898383377554,0.7291666666666666,,False
2014-11-12,-5.499807803566697,0.6458333333333334,,False
2014-11-13,-3.020747445873024,0.7916666666666666,,False
2014-11-14,-0.7819255559582263,0.7916666666666666,,False
2014-11-15,-1.8550170241157584,0.7291666666666666,,False
2014-11-16,-3.042884802218923,0.7916666666666666,,False
2014-11-17,-1.6850413564063156,0.7708333333333334,,False
2014-11-18,-1.9561992064928144,0.8333333333333334,,False
2014-11-19,-2.3961913925534,0.875,,False
2014-11-20,-3.8129392631303447,1.0,,False
2014-11-21,-2.1845168023998456,0.8333333333333334,,False
2014-11-22,-2.0631254549888327,0.7083333333333334,,False
2014-11-23,-2.392846806813518,0.75,,False
2014-11-24,-1.5005021611045732,0.7083333333333334,,False
2014-11-25,-3.63824092973228,0.5833333333333334,,False
2014-11-26,-0.0501824736647889,0.8541666666666666,,False
2014-11-27,-3.1255889195531688,0.7083333333333334,,False
2014-11-28,-3.042265467612963,0.7291666666666666,,False
2014-11-29,-4.857720807671528,0.6875,,False
2014-11-30,-0.154902864954765,0.8541666666666666,,False
2014-12-01,1.0595869644090266,0.9791666666666666,,False
2014-12-02,-0.934051290675878,0.75,,False
2014-12-03,-0.5968040856063533,0.8333333333333334,,False
2014-12-04,2.746948872377554,0.8125,,False
2014-12-05,1.2508375095172697,0.9166666666666666,,False
2014-12-06,-4.692317649495851,0.6875,,False
2014-12-07,-3.0046971217406364,0.5833333333333334,,False
2014-12-08,-1.3192586417227248,0.625,,False
2014-12-09,-2.2224015009716283,0.6458333333333334,,False
2014-12-10,-0.4023134984867019,0.7916666666666666,,False
2014-12-11,-3.922124460513567,0.5833333333333334,,False
2014-12-12,-1.304055696376739,0.7708333333333334,,False
2014-12-13,-1.6971310811864837,0.5833333333333334,,False
2014-12-14,-1.167224538998617,0.6666666666666666,,False
2014-12-15,-1.449964135603615,0.6875,,False
2014-12-16,-2.1383003887419365,0.4583333333333333,0.021383003887419365,True
2014-12-17,-2.536824250844321,0.6875,,False
2014-12-18,-6.5477249699724895,0.5833333333333334,,False
2014-12-19,-2.354907777317523,0.5833333333333334,,False
2014-12-20,-2.232272875466725,0.7708333333333334,,False
2014-12-21,-1.9599165081105787,1.0208333333333333,,False
2014-12-22,-3.70801020833148,1.2916666666666667,,False
2014-12-23,-1.1338579258281654,1.0,,False
2014-12-24,-4.189052434471318,1.2083333333333333,,False
2014-12-25,-4.6407085939796415,1.2083333333333333,,False
2014-12-26,-5.030359514720809,1.3333333333333333,,False
2014-12-27,-3.6527179326895753,1.9166666666666667,,False
2014-12-28,-1.7209594732435256,1.9791666666666667,,False
2014-12-29,-2.084390282445815,2.0,,False
2014-12-30,1.9525461616815956,2.0,,False
2014-12-31,-3.7655919643337983,2.0,,False
2015-01-01,-0.6167688197423431,1.0833333333333333,,False
2015-01-02,-0.5992900343812073,1.2083333333333333,,False
2015-01-03,-4.394968789249389,0.6666666666666666,,False
2015-01-04,-3.0225761233322124,0.9583333333333334,,False
2015-01-05,-3.3120567259352507,0.5208333333333334,,False
2015-01-06,-4.207208333204617,0.3958333333333333,0.04207208333204617,True
2015-01-07,-1.48028601069025,0.7291666666666666,,False
2015-01-08,-2.0850051496244606,0.625,,False
2015-01-09,-3.719058476238427,0.5208333333333334,,False
2015-01-10,-5.865721514856672,0.6458333333333334,,False
2015-01-11,-3.1113691734045066,0.7083333333333334,,False
2015-01-12,-4.070974361948808,0.8125,,False
2015-01-13,-6.968393040980987,0.6458333333333334,,False
2015-01-14,-2.792957504101609,0.7083333333333334,,False
2015-01-15,-1.8481666840013904,0.4583333333333333,0.018481666840013903,True
2015-01-16,-1.2043635234508503,0.6041666666666666,,False
2015-01-17,-1.6950849700830288,0.875,,False
2015-01-18,-2.462063280428657,0.8333333333333334,,False
2015-01-19,-2.6842340145066164,0.9583333333333334,,False
2015-01-20,-4.863060817413213,0.6875,,False
2015-01-21,-3.102095000997138,0.8541666666666666,,False
2015-01-22,-3.925297906863468,0.8125,,False
2015-01-23,-4.843059582508292,0.7083333333333334,,False
2015-01-24,-3.983745570479313,0.6666666666666666,,False
2015-01-25,-4.043410392049326,0.8333333333333334,,False
2015-01-26,-2.384232141794052,0.8541666666666666,,False
2015-01-27,-6.089981894995637,0.7083333333333334,,False
2015-01-28,-3.006589761706522,0.6041666666666666,,False
2015-01-29,-2.7054242715300907,0.6458333333333334,,False
2015-01-30,-0.8099474357447057,0.8125,,False
2015-01-31,-2.332359756951203,0.8125,,False
2015-02-01,-2.3181647534919083,0.5416666666666666,,False
2015-02-02,-0.9662560797871432,0.5208333333333334,,False
2015-02-03,0.0149879443163694,0.875,,False
2015-02-04,-1.8327380957285235,0.5208333333333334,,False
2015-02-05,-2.1327587224570177,0.125,0.021327587224570177,True
2015-02-06,-1.6778765800612758,0.2916666666666667,0.016778765800612758,True
2015-02-07,-1.7582996588702169,0.25,0.01758299658870217,True
2015-02-08,-1.4413096827185992,0.375,0.014413096827185992,True
2015-02-09,-0.4526890335299082,0.5,0.004526890335299082,True
2015-02-10,2.0884584420317998,0.75,,False
2015-02-11,0.1197747046664339,0.6875,,False
2015-02-12,-0.545713286232007,0.4166666666666667,0.0054571328623200695,True
2015-02-13,-1.2379978918771235,0.4375,0.012379978918771234,True
2015-02-14,-3.280378689644412,0.4791666666666667,0.03280378689644412,True
2015-02-15,-0.9238732993209416,0.4791666666666667,0.009238732993209417,True
2015-02-16,-0.104727826929681,0.6875,,False
2015-02-17,-0.8078088174217198,0.375,0.008078088174217199,True
2015-02-18,-0.5025042640398232,0.1458333333333333,0.005025042640398231,True
2015-02-19,-1.703213664818054,0.4375,0.01703213664818054,True
2015-02-20,-3.252769877831618,0.5208333333333334,,False
2015-02-21,-3.576576995134133,0.5,0.03576576995134133,True
2015-02-22,-0.9650725954412542,0.5,0.009650725954412543,True
2015-02-23,-2.40899803053471,0.4583333333333333,0.0240899803053471,True
2015-02-24,-2.319686236476432,0.5,0.02319686236476432,True
2015-02-25,-2.630852878901901,0.625,,False
2015-02-26,-2.3575586569850686,0.625,,False
2015-02-27,-0.8025521938324485,0.4375,0.008025521938324485,True
2015-02-28,-0.1236326165832707,0.4583333333333333,0.001236326165832707,True
2015-03-01,-2.635147763098081,0.5,0.02635147763098081,True
2015-03-02,-2.963645637381993,0.375,0.029636456373819932,True
2015-03-03,-3.216712552424275,0.5,0.03216712552424275,True
2015-03-04,-1.8705572267149309,0.7708333333333334,,False
2015-03-05,0.4684009450852622,0.8541666666666666,,False
2015-03-06,-2.674300939433301,0.7291666666666666,,False
2015-03-07,-1.1830658506371308,0.7916666666666666,,False
2015-03-08,-2.6585411976900475,0.5416666666666666,,False
2015-03-09,-0.9653605655304738,0.5416666666666666,,False
2015-03-10,-1.6754256036894264,0.2916666666666667,0.016754256036894264,True
2015-03-11,-2.1000983088433194,0.6875,,False
2015-03-12,-0.4222684192182585,1.0416666666666667,,False
2015-03-13,0.584377687742526,1.1041666666666667,,False
2015-03-14,0.2706577092968668,1.0,,False
2015-03-15,-0.2865676032556713,1.125,,False
2015-03-16,0.8587550323710185,1.1875,,False
2015-03-17,-2.878020050823965,1.375,,False
2015-03-18,-2.208475809518121,1.75,,False
2015-03-19,-2.636848048636619,2.0,,False
2015-03-20,-1.286543461553597,2.0,,False
2015-03-21,-0.1925234559720341,2.0,,False
2015-03-22,-0.4812493850893167,2.0,,False
2015-03-23,-0.3167218149394822,2.0,,False
2015-03-24,-1.5775272707770052,2.0,,False
2015-03-25,-1.209369160057644,2.0,,False
2015-03-26,-0.8759093035778182,2.0,,False
2015-03-27,0.013191629738368,2.0,,False
2015-03-28,-1.757740442950589,2.0,,False
2015-03-29,-0.4454460308295006,2.0,,False
2015-03-30,-0.8653215930198891,2.0,,False
2015-03-31,-0.7028615047060232,2.0,,False
2015-04-01,1.0316364972322216,2.0,,False
2015-04-02,1.4312008084898231,2.0,,False
2015-04-03,0.059552461600429,2.0,,False
2015-04-04,0.3585319513261817,1.8333333333333333,,False
2015-04-05,0.2288003131271998,1.375,,False
2015-04-06,-0.8355446874630743,1.2291666666666667,,False
2015-04-07,0.1565494033249873,1.1041666666666667,,False
2015-04-08,0.5153743593941397,1.1458333333333333,,False
2015-04-09,1.1160212547135575,1.0625,,False
2015-04-10,0.2395674168933993,1.0833333333333333,,False
2015-04-11,0.670575981096559,0.8333333333333334,,False
2015-04-12,-0.2622134883875532,0.5625,,False
2015-04-13,0.4127386554869379,0.5208333333333334,,False
2015-04-14,-0.9048485600342164,0.625,,False
2015-04-15,-0.959227361081028,0.7916666666666666,,False
2015-04-16,-0.4726550845851235,0.4375,0.004726550845851235,True
2015-04-17,-1.8144101536016155,0.4791666666666667,0.018144101536016154,True
2015-04-18,-0.3531530196013009,0.7291666666666666,,False
2015-04-19,-1.896420894494231,0.7083333333333334,,False
2015-04-20,-3.571655323727794,0.6458333333333334,,False
2015-04-21,-1.1283752223971593,0.6666666666666666,,False
2015-04-22,-1.195301200143533,0.6041666666666666,,False
2015-04-23,-1.7650973458476356,0.7083333333333334,,False
2015-04-24,-0.9805618718870018,0.7083333333333334,,False
2015-04-25,-1.358279751910429,0.8333333333333334,,False
2015-04-26,-1.0457025420810533,0.5625,,False
2015-04-27,-1.8528417155808692,0.6875,,False
2015-04-28,-3.490261841264819,0.75,,False
2015-04-29,-1.115916276757827,0.625,,False
2015-04-30,0.080176548678397,0.7916666666666666,,False
2015-05-01,3.7594581425454594,0.9583333333333334,,False
2015-05-02,-1.7964410786890983,0.5625,,False
2015-05-03,-2.6080324929307475,0.7291666666666666,,False
2015-05-04,-1.0555083999027328,0.875,,False
2015-05-05,-0.296451834329252,1.0,,False
2015-05-06,0.7701513687306121,0.9583333333333334,,False
2015-05-07,1.4229571189898682,0.625,,False
2015-05-08,1.3957600869768387,0.8125,,False
2015-05-09,-0.3143798874162026,0.6875,,False
2015-05-10,-1.2156376139358205,0.75,,False
2015-05-11,-0.8779075427827419,0.6458333333333334,,False
2015-05-12,-0.1095883756622782,0.8541666666666666,,False
2015-05-13,-0.1056324564862219,1.1041666666666667,,False
2015-05-14,-1.9831136397227904,1.1041666666666667,,False
2015-05-15,-0.2615066579569815,1.0416666666666667,,False
2015-05-16,-3.2449412033178824,0.9375,,False
2015-05-17,-2.310241502691699,0.7291666666666666,,False
2015-05-18,-3.099267666816461,0.6458333333333334,,False
2015-05-19,-3.115748319659836,0.6875,,False
2015-05-20,-2.033783986869948,0.5833333333333334,,False
2015-05-21,-2.217103140235796,0.4791666666666667,0.02217103140235796,True
2015-05-22,-0.1277123124083212,0.9583333333333334,,False
2015-05-23,-2.288631309889817,0.7291666666666666,,False
2015-05-24,-3.140887307517412,0.7083333333333334,,False
2015-05-25,-2.075034773229755,0.5625,,False
2015-05-26,-1.370935321910165,0.8333333333333334,,False
2015-05-27,-1.86810664212053,0.875,,False
2015-05-28,-1.9296089494099795,0.6041666666666666,,False
2015-05-29,-0.1041500018941923,0.625,,False
2015-05-30,-1.7909474446756437,0.6875,,False
2015-05-31,-0.4741036032839496,0.625,,False
2015-06-01,1.5584892812880105,0.9791666666666666,,False
2015-06-02,-4.432589036385031,0.7083333333333334,,False
2015-06-03,0.4452134385124501,0.625,,False
2015-06-04,-1.1442255513137494,0.7916666666666666,,False
2015-06-05,0.7851442271248996,0.6666666666666666,,False
2015-06-06,-1.1066827853357382,0.6875,,False
2015-06-07,-1.3115453957596812,0.7291666666666666,,False
2015-06-08,-0.5238420303231114,0.8958333333333334,,False
2015-06-09,-1.981999520680113,0.7708333333333334,,False
2015-06-10,-3.062074023322077,0.6875,,False
2015-06-11,-1.4885367428565008,0.5833333333333334,,False
2015-06-12,-0.9107501569531228,0.7916666666666666,,False
2015-06-13,-2.553706547904461,0.7916666666666666,,False
2015-06-14,-1.74898675416994,0.8333333333333334,,False
2015-06-15,-2.2779128963792874,0.7916666666666666,,False
2015-06-16,-2.7712351313288406,0.6875,,False
2015-06-17,-2.7628723651833607,0.9375,,False
2015-06-18,-4.450981164668206,0.8958333333333334,,False
2015-06-19,-5.073955914136572,0.7708333333333334,,False
2015-06-20,-2.346084371780685,0.7916666666666666,,False
2015-06-21,-3.767977445205967,0.7083333333333334,,False
2015-06-22,-3.052023961125564,0.6875,,False
2015-06-23,-2.140388789249688,0.7916666666666666,,False
2015-06-24,-0.9992074588180764,0.7083333333333334,,False
2015-06-25,-2.735942885504525,0.75,,False
2015-06-26,-0.9120536715565054,0.6875,,False
2015-06-27,-2.091348933079194,0.625,,False
2015-06-28,-1.966689298851512,0.7916666666666666,,False
2015-06-29,-1.5126470382839377,0.7083333333333334,,False
2015-06-30,-5.228605716343695,0.5625,,False
2015-07-01,-1.9592708876396905,0.5208333333333334,,False
2015-07-02,-4.817038115540679,0.6041666666666666,,False
2015-07-03,-6.078852646062908,0.4583333333333333,0.060788526460629086,True
2015-07-04,-5.1257372705513,0.6458333333333334,,False
2015-07-05,-3.911026742947768,0.5625,,False
2015-07-06,-4.606777399391368,0.625,,False
2015-07-07,-4.453146094403533,0.5,0.04453146094403533,True
2015-07-08,-2.956938973122528,0.5416666666666666,,False
2015-07-09,-4.095609710834804,0.6875,,False
2015-07-10,-2.698956346925167,0.9166666666666666,,False
2015-07-11,-4.997146177361991,0.7916666666666666,,False
2015-07-12,-1.892383042711237,0.8125,,False
2015-07-13,-1.5089087463567117,0.5,0.015089087463567116,True
2015-07-14,-1.5113296899297703,0.7083333333333334,,False
2015-07-15,-3.3074558343397498,0.6041666666666666,,False
2015-07-16,-1.8186861680956248,0.625,,False
2015-07-17,-1.2878979646715922,0.6666666666666666,,False
2015-07-18,-0.0842567175482695,0.5208333333333334,,False
2015-07-19,-0.0918830401715977,0.5833333333333334,,False
2015-07-20,-0.949870295370319,0.7291666666666666,,False
2015-07-21,-2.02518106504503,0.75,,False
2015-07-22,-1.0107017649038643,0.75,,False
2015-07-23,-0.7155144643807345,0.6041666666666666,,False
2015-07-24,-0.8553180754045708,0.6458333333333334,,False
2015-07-25,0.7275807121104451,0.7708333333333334,,False
2015-07-26,-1.6681062816807068,0.7083333333333334,,False
2015-07-27,-0.7315322392490254,0.625,,False
2015-07-28,0.748216958113725,0.9166666666666666,,False
2015-07-29,-2.4604319615314987,0.5625,,False
2015-07-30,-2.114729029541252,0.8333333333333334,,False
2015-07-31,-2.488069001545417,0.7708333333333334,,False
2015-08-01,-4.562137808405371,0.7291666666666666,,False
2015-08-02,-8.20235380552609,0.5833333333333334,,False
2015-08-03,-3.516356477655274,0.75,,False
2015-08-04,-6.03203749220804,0.625,,False
2015-08-05,-3.850950143954535,0.7291666666666666,,False
2015-08-06,-6.016754104874997,0.75,,False
2015-08-07,-5.920098478672353,0.6458333333333334,,False
2015-08-08,-2.216875099015376,0.6666666666666666,,False
2015-08-09,-4.320711777365197,0.6458333333333334,,False
2015-08-10,-2.1570299060602167,0.4791666666666667,0.021570299060602167,True
2015-08-11,-1.6742660936168423,0.4375,0.016742660936168424,True
2015-08-12,-1.358002520520292,0.75,,False
2015-08-13,-3.6799800233747866,0.625,,False
2015-08-14,-0.5919572974615577,0.5833333333333334,,False
2015-08-15,-1.2748035353003593,0.75,,False
2015-08-16,-0.1927319664182023,0.7916666666666666,,False
2015-08-17,0.4438159593739167,0.7916666666666666,,False
2015-08-18,-0.5432691451580783,0.625,,False
2015-08-19,-2.680627281257677,0.5208333333333334,,False
2015-08-20,-4.948290195077766,0.6875,,False
2015-08-21,-5.907665076370543,0.625,,False
2015-08-22,-7.067285112333416,0.6666666666666666,,False
2015-08-23,-4.725481548219995,0.6875,,False
2015-08-24,-3.230629215477466,0.8541666666666666,,False
2015-08-25,-4.439191598754534,0.7916666666666666,,False
2015-08-26,-2.292463146002174,0.9166666666666666,,False
2015-08-27,-1.5679396214223398,1.1041666666666667,,False
2015-08-28,-1.1597197939374817,0.75,,False
2015-08-29,-4.374250170140954,0.6041666666666666,,False
2015-08-30,-1.264887615666472,0.9375,,False
2015-08-31,-1.9008979289661896,1.0,,False
2015-09-01,-0.229590462848034,0.875,,False
2015-09-02,-2.0009465515592444,0.6458333333333334,,False
2015-09-03,-2.458899658772776,0.5208333333333334,,False
2015-09-04,-2.562487411997898,0.8125,,False
2015-09-05,-1.4259293354555735,0.7291666666666666,,False
2015-09-06,-4.611587887614048,0.6458333333333334,,False
2015-09-07,-4.497720983737837,0.6458333333333334,,False
2015-09-08,-6.752429752101813,0.625,,False
2015-09-09,-4.23200238268636,0.5833333333333334,,False
2015-09-10,-1.9581454316011404,0.875,,False
2015-09-11,0.4949011711347766,0.75,,False
2015-09-12,-5.623870392520039,0.7083333333333334,,False
2015-09-13,-4.728323219362829,0.6666666666666666,,False
2015-09-14,-4.999950002611944,0.6458333333333334,,False
2015-09-15,3.367746528679118,0.9166666666666666,,False
2015-09-16,-0.598205076904569,0.625,,False
2015-09-17,-2.349669834005569,0.3333333333333333,0.023496698340055692,True
2015-09-18,-1.822294476623243,0.6666666666666666,,False
2015-09-19,-2.292569084479541,0.8333333333333334,,False
2015-09-20,-2.721410950177941,0.6458333333333334,,False
2015-09-21,-4.362184274890511,0.6666666666666666,,False
2015-09-22,-3.090502493523154,0.7083333333333334,,False
2015-09-23,-2.901017200121557,0.7083333333333334,,False
2015-09-24,-2.4531595915795834,0.7083333333333334,,False
2015-09-25,-3.9084730629427926,0.8958333333333334,,False
2015-09-26,-2.7844442723768967,0.9791666666666666,,False
2015-09-27,-2.395205803990196,0.7916666666666666,,False
2015-09-28,-2.376790115656456,0.8333333333333334,,False
2015-09-29,-0.717578262311795,1.0,,False
2015-09-30,-1.697341684392364,0.9583333333333334,,False
2015-10-01,-1.473608671901022,0.7916666666666666,,False
2015-10-02,-0.223654483336664,0.8333333333333334,,False
2015-10-03,-3.213555645745441,0.75,,False
2015-10-04,-0.7787604433829831,0.7083333333333334,,False
2015-10-05,-1.5730055927986333,0.625,,False
2015-10-06,-0.4282872587257183,0.7708333333333334,,False
2015-10-07,-2.622584602582746,0.75,,False
2015-10-08,-2.660005600645244,0.6458333333333334,,False
2015-10-09,-0.3352863915044256,0.8125,,False
2015-10-10,-1.3430182745411907,0.7708333333333334,,False
2015-10-11,-1.97653976598638,0.6666666666666666,,False
2015-10-12,-0.6656725220607704,0.6875,,False
2015-10-13,-2.901644936173122,0.6666666666666666,,False
2015-10-14,-2.553077466424029,0.7083333333333334,,False
2015-10-15,-2.895692987238262,0.8958333333333334,,False
2015-10-16,-3.0849890803383238,1.1666666666666667,,False
2015-10-17,-5.5046596334006095,0.9375,,False
2015-10-18,-0.8818104355024412,1.0833333333333333,,False
2015-10-19,-4.717580076979665,0.8541666666666666,,False
2015-10-20,-4.108806499666911,0.6666666666666666,,False
2015-10-21,-2.318772368322544,0.5833333333333334,,False
2015-10-22,-2.348517856697024,0.6875,,False
2015-10-23,-3.3985269899013955,0.7083333333333334,,False
2015-10-24,-2.789450457041505,0.5625,,False
2015-10-25,-3.4224348740271093,0.5,0.034224348740271096,True
2015-10-26,-2.012813694422076,0.5833333333333334,,False
2015-10-27,-1.4743391956764922,0.6458333333333334,,False
2015-10-28,-1.446360865525833,0.5625,,False
2015-10-29,-0.6013743876869515,0.6458333333333334,,False
2015-10-30,-1.1966399842795443,0.6875,,False
2015-10-31,-2.7408694374349403,0.4791666666666667,0.027408694374349403,True
2015-11-01,-1.2428195429009534,0.5833333333333334,,False
2015-11-02,-4.065635367932289,0.6458333333333334,,False
2015-11-03,-4.991796287961851,0.625,,False
2015-11-04,-4.788257252932007,0.7083333333333334,,False
2015-11-05,-1.3857186507576849,0.6458333333333334,,False
2015-11-06,-1.580533924490206,0.7083333333333334,,False
2015-11-07,-0.723211506368962,0.7291666666666666,,False
2015-11-08,-4.32487187870826,0.875,,False
2015-11-09,-2.789501207686273,0.75,,False
2015-11-10,-3.456967965294653,0.9583333333333334,,False
2015-11-11,-3.815831202359855,1.0,,False
2015-11-12,-4.250294613207286,0.9791666666666666,,False
2015-11-13,-2.7548350159177883,0.8541666666666666,,False
2015-11-14,-0.7948589264849271,1.0833333333333333,,False
2015-11-15,-1.6612877243543582,0.75,,False
2015-11-16,-3.3796090097054075,0.9375,,False
2015-11-17,-1.659984989882553,0.7916666666666666,,False
2015-11-18,-3.397935540148398,1.1458333333333333,,False
2015-11-19,0.6726601320202065,0.8541666666666666,,False
2015-11-20,-3.2434033885494005,0.6458333333333334,,False
2015-11-21,-2.6603314834392755,0.75,,False
2015-11-22,-0.4586965894243159,0.75,,False
2015-11-23,-0.596410737914894,0.75,,False
2015-11-24,-2.2153375745876125,0.7916666666666666,,False
2015-11-25,-0.5213097021315451,0.6041666666666666,,False
2015-11-26,-1.641264467862635,0.7291666666666666,,False
2015-11-27,-0.9974230245745258,0.5,0.009974230245745258,True
2015-11-28,-0.569181756843124,0.8333333333333334,,False
2015-11-29,-0.4628463308462958,0.4791666666666667,0.004628463308462958,True
2015-11-30,-1.761059635821553,0.625,,False
2015-12-01,0.311288842853176,0.7916666666666666,,False
2015-12-02,-0.1841179830775062,0.6666666666666666,,False
2015-12-03,-1.385724169621975,0.5625,,False
2015-12-04,-0.3237452965388974,0.5833333333333334,,False
2015-12-05,-1.7281300670768251,0.6041666666666666,,False
2015-12-06,0.3321639327129099,0.7708333333333334,,False
2015-12-07,-2.058054483531904,0.5,0.020580544835319042,True
2015-12-08,-1.2575213368437723,0.4166666666666667,0.012575213368437723,True
2015-12-09,-2.120586117971744,0.7083333333333334,,False
2015-12-10,0.8591319199006706,0.8333333333333334,,False
2015-12-11,-0.7369236442695327,0.6875,,False
2015-12-12,-2.948752489471879,0.7083333333333334,,False
2015-12-13,-1.818145607970576,0.8333333333333334,,False
2015-12-14,-4.440499153353708,0.6666666666666666,,False
2015-12-15,0.7928357611821791,0.8125,,False
2015-12-16,-3.7179396763667087,0.7291666666666666,,False
2015-12-17,-1.979683742833536,0.9375,,False
2015-12-18,-0.1686518825025354,0.9583333333333334,,False
2015-12-19,-4.25101959734168,0.7291666666666666,,False
2015-12-20,-4.881723116890418,0.6041666666666666,,False
2015-12-21,-2.864612145976205,0.5833333333333334,,False
2015-12-22,-1.3600967835295394,0.75,,False
2015-12-23,-1.5459097667729678,0.4583333333333333,0.015459097667729677,True
2015-12-24,0.3936064429185478,0.375,-0.003936064429185478,True
2015-12-25,-1.420187544269237,0.2916666666666667,0.014201875442692372,True
2015-12-26,-1.06718543714597,0.6041666666666666,,False
2015-12-27,-1.240432959076094,0.5833333333333334,,False
2015-12-28,-2.6138180422001063,0.4375,0.026138180422001063,True
2015-12-29,-1.4192516638677803,0.4583333333333333,0.014192516638677804,True
2015-12-30,-0.7424499520944131,0.3541666666666667,0.007424499520944131,True
2015-12-31,-1.3665400717631828,0.2083333333333333,0.013665400717631828,True
2016-01-01,-1.1669779820448,0.1875,0.011669779820448001,True
2016-01-02,-0.359915801868,0.2708333333333333,0.0035991580186799997,True
2016-01-03,-0.0227368916568001,0.6666666666666666,,False
2016-01-04,1.4213003166792002,0.6875,,False
2016-01-05,-0.959955903288,0.7291666666666666,,False
2016-01-06,0.8932906026071998,0.875,,False
2016-01-07,-1.4667073596215998,0.5833333333333334,,False
2016-01-08,-1.1993005606032003,0.4583333333333333,0.011993005606032003,True
2016-01-09,-0.4368871545479997,0.4791666666666667,0.004368871545479997,True
2016-01-10,-1.1082642656904005,0.6458333333333334,,False
2016-01-11,-1.3057760057112002,0.625,,False
2016-01-12,-2.6309544108984,0.6875,,False
2016-01-13,-1.9622431618631997,0.6041666666666666,,False
2016-01-14,-1.0297620194256,0.4166666666666667,0.010297620194256,True
2016-01-15,-0.86359986,0.6666666666666666,,False
2016-01-16,-1.9513105692048005,0.7916666666666666,,False
2016-01-17,-1.2046602516768,0.7291666666666666,,False
2016-01-18,0.7862841770112001,0.8125,,False
2016-01-19,-0.1812917350943999,0.5416666666666666,,False
2016-01-20,-0.3595037318856001,1.0,,False
2016-01-21,1.0645174109735995,0.6875,,False
2016-01-22,0.2411084224655999,0.7083333333333334,,False
2016-01-23,0.9067062087288,0.3125,-0.009067062087288,True
2016-01-24,0.4628022825383999,0.3333333333333333,-0.004628022825383999,True
2016-01-25,1.1677042733615997,0.4375,-0.011677042733615996,True
2016-01-26,1.152369481104,0.7291666666666666,,False
2016-01-27,-1.1695104304128,0.7916666666666666,,False
2016-01-28,-0.7607640212640003,0.7291666666666666,,False
2016-01-29,-0.2435657918688001,0.6458333333333334,,False
2016-01-30,-1.7327305399248003,0.5833333333333334,,False
2016-01-31,-0.0872485002719998,0.3958333333333333,0.000872485002719998,True
2016-02-01,-0.91183674618,0.375,0.0091183674618,True
2016-02-02,-0.6047221400135998,0.2708333333333333,0.006047221400135998,True
2016-02-03,-2.5548128975591995,0.4375,0.025548128975591996,True
2016-02-04,1.1268162158832,0.7083333333333334,,False
2016-02-05,-0.2485821414167997,0.5208333333333334,,False
2016-02-06,-1.1746704749544004,0.5208333333333334,,False
2016-02-07,0.5906849356800001,0.5833333333333334,,False
2016-02-08,-0.4030232515919999,0.625,,False
2016-02-09,0.2556089968031999,0.6666666666666666,,False
2016-02-10,-2.061440482716,0.625,,False
2016-02-11,-0.5995708528247999,0.5208333333333334,,False
2016-02-12,-1.707235903044,0.8541666666666666,,False
2016-02-13,-1.9831028429448,0.7916666666666666,,False
2016-02-14,-2.911525321428,0.6458333333333334,,False
2016-02-15,-0.7311501684791999,0.5,0.007311501684791999,True
2016-02-16,-1.0940265396575997,0.3125,0.010940265396575997,True
2016-02-17,-0.3186487874879999,0.625,,False
2016-02-18,-0.0273268533384001,0.5,0.000273268533384001,True
2016-02-19,-0.3994679833703999,0.2708333333333333,0.003994679833703999,True
2016-02-20,-2.5503258420576,0.1875,0.025503258420576002,True
2016-02-21,-1.4671074646296005,0.2708333333333333,0.014671074646296006,True
2016-02-22,-2.124564821179199,0.4166666666666667,0.021245648211791993,True
2016-02-23,0.106681173768,0.6458333333333334,,False
2016-02-24,-0.6049059476111999,0.1875,0.006049059476111999,True
2016-02-25,0.3019503209184001,0.3333333333333333,-0.0030195032091840006,True
2016-02-26,-1.6992970056288004,0.5,0.016992970056288005,True
2016-02-27,-2.1604593636575995,0.1041666666666666,0.021604593636575995,True
2016-02-28,-2.09081144322,0.1666666666666666,0.020908114432199996,True
2016-02-29,-2.3633305630704,0.2708333333333333,0.023633305630704,True
2016-03-01,-0.8132345631503998,0.2291666666666666,0.008132345631503998,True
2016-03-02,-0.5148343617047999,0.5,0.005148343617047999,True
2016-03-03,-1.2747973501439998,0.5833333333333334,,False
2016-03-04,-0.7133127511895999,0.4583333333333333,0.007133127511895999,True
2016-03-05,-1.6719863337576,0.5208333333333334,,False
2016-03-06,-0.2925872388216001,0.5,0.002925872388216001,True
2016-03-07,-1.1089581064199998,0.6666666666666666,,False
2016-03-08,-0.0540786956255999,0.5208333333333334,,False
2016-03-09,-0.0150244692047998,0.6458333333333334,,False
2016-03-10,-0.8216711730575998,0.625,,False
2016-03-11,-0.2788086716784001,0.7708333333333334,,False
2016-03-12,-1.2469559616936006,0.2916666666666667,0.012469559616936006,True
2016-03-13,-1.1621871951840002,0.5416666666666666,,False
2016-03-14,-0.1019214966096,0.6875,,False
2016-03-15,1.7616726905543998,0.7083333333333334,,False
2016-03-16,-0.9627667472952,0.5,0.009627667472952,True
2016-03-17,1.6323899255424,0.8125,,False
2016-03-18,-0.8846817287255998,0.875,,False
2016-03-19,0.9342597680208,0.7083333333333334,,False
2016-03-20,-1.2173198493312,0.5,0.012173198493312,True
2016-03-21,-0.8497572675839998,0.4791666666666667,0.008497572675839999,True
2016-03-22,-0.5412481952903999,0.6041666666666666,,False
2016-03-23,-0.6840873999143999,0.625,,False
2016-03-24,-0.3184540956719998,0.5,0.003184540956719998,True
2016-03-25,1.3580879160744,0.5416666666666666,,False
2016-03-26,0.8112968548416002,0.7083333333333334,,False
2016-03-27,-0.2950493119271999,0.5416666666666666,,False
2016-03-28,0.1105227884807999,0.5625,,False
2016-03-29,-1.4209895659248,0.5833333333333334,,False
2016-03-30,-0.9258823790063996,0.625,,False
2016-03-31,-0.0629917592184,0.7291666666666666,,False
2016-04-01,-0.4589500776479998,0.6666666666666666,,False
2016-04-02,-0.6424561070639998,0.7083333333333334,,False
2016-04-03,-0.4290999912792,0.5208333333333334,,False
2016-04-04,-0.8575576909199997,0.6875,,False
2016-04-05,-1.3351087028088002,0.6666666666666666,,False
2016-04-06,-1.4811817571567996,0.7708333333333334,,False
2016-04-07,-1.38263338584,0.75,,False
2016-04-08,-2.1548767532832,0.6458333333333334,,False
2016-04-09,-1.5758821667951997,0.8125,,False
2016-04-10,-0.0726948139536,1.0625,,False
2016-04-11,0.3592232416728001,0.8125,,False
2016-04-12,-0.1712233058184001,0.8125,,False
2016-04-13,-3.3502715628552,0.8958333333333334,,False
2016-04-14,-0.4529937722831998,0.7916666666666666,,False
2016-04-15,-0.7895334920112002,0.8333333333333334,,False
2016-04-16,0.0378897245856,0.6875,,False
2016-04-17,-0.4235461834895999,1.0,,False
2016-04-18,-1.6818393734927997,0.9166666666666666,,False
2016-04-19,0.0678963368664001,0.6875,,False
2016-04-20,-0.5446108771992,0.8541666666666666,,False
2016-04-21,-4.6916804405016,0.7291666666666666,,False
2016-04-22,-1.4430467271384002,0.8333333333333334,,False
2016-04-23,-1.20499428114,0.7916666666666666,,False
2016-04-24,-1.5935899612103994,0.6666666666666666,,False
2016-04-25,-1.7627597628912004,0.6666666666666666,,False
2016-04-26,-2.2419019076112,0.875,,False
2016-04-27,-1.9731084469344,0.9583333333333334,,False
2016-04-28,-2.0176704886536005,0.7708333333333334,,False
2016-04-29,0.2508686670671999,1.0,,False
2016-04-30,-1.3364257364136,0.8333333333333334,,False
2016-05-01,-1.7639615602800005,0.8333333333333334,,False
2016-05-02,-0.4142230538112,0.7916666666666666,,False
2016-05-03,-2.0009569165992,0.8333333333333334,,False
2016-05-04,0.0430623541511998,0.9375,,False
2016-05-05,1.9096320093984005,0.875,,False
2016-05-06,-3.3526350294336003,0.8958333333333334,,False
2016-05-07,-0.7183856339424,0.75,,False
2016-05-08,-1.2817198238112002,0.9166666666666666,,False
2016-05-09,0.7067339006255995,0.8333333333333334,,False
2016-05-10,-0.1572600099023996,0.9375,,False
2016-05-11,1.5043526979192,0.7708333333333334,,False
2016-05-12,3.6096298206984,0.8541666666666666,,False
2016-05-13,-0.6595559615519999,0.7083333333333334,,False
2016-05-14,1.5493917844727996,0.8125,,False
2016-05-15,-2.2372709899752,0.6666666666666666,,False
2016-05-16,2.2842555982919994,1.0416666666666667,,False
2016-05-17,-3.74858061624,0.7083333333333334,,False
2016-05-18,-1.5341599050695998,0.6666666666666666,,False
2016-05-19,-1.6678904831352,0.8333333333333334,,False
2016-05-20,-0.5722164914975998,0.7708333333333334,,False
2016-05-21,1.1573108735976003,0.7291666666666666,,False
2016-05-22,-1.8573545898288,0.75,,False
2016-05-23,-1.5602588945928,0.7916666666666666,,False
2016-05-24,-1.6475240528063997,0.6875,,False
2016-05-25,0.5534616913416001,0.6458333333333334,,False
2016-05-26,0.0534898353240001,0.6666666666666666,,False
2016-05-27,0.8783579133143997,0.7083333333333334,,False
2016-05-28,0.6820940818871998,0.6458333333333334,,False
2016-05-29,1.0373915092175998,0.5625,,False
2016-05-30,-0.3686006463840002,0.9375,,False
2016-05-31,-2.352395456928001,0.8958333333333334,,False
2016-06-01,-2.6612866690128,0.7708333333333334,,False
2016-06-02,-1.2126682122408,0.6875,,False
2016-06-03,1.3811902935984,1.2708333333333333,,False
2016-06-04,-3.7001565046944,1.2708333333333333,,False
2016-06-05,-4.8958304143464,0.5625,,False
2016-06-06,-0.5766174192672002,0.8333333333333334,,False
2016-06-07,0.0074992595255996,0.7083333333333334,,False
2016-06-08,0.7702686439055993,0.8333333333333334,,False
2016-06-09,-1.0527888370608,0.75,,False
2016-06-10,-1.8232704101592,1.0625,,False
2016-06-11,-2.8370129672016,0.8125,,False
2016-06-12,-4.631591398535998,0.7291666666666666,,False
2016-06-13,-3.1542777907632,0.9166666666666666,,False
2016-06-14,-2.140173597275999,0.6666666666666666,,False
2016-06-15,-4.4560713855312,0.6458333333333334,,False
2016-06-16,-2.6564460930072,0.6875,,False
2016-06-17,-2.9362453838424,0.6041666666666666,,False
2016-06-18,-3.9196911632112,1.0833333333333333,,False
2016-06-19,-7.544105440351201,1.1666666666666667,,False
2016-06-20,-5.109947484350399,0.6666666666666666,,False
2016-06-21,-4.705061956531201,1.0,,False
2016-06-22,-5.686851541622398,0.7708333333333334,,False
2016-06-23,-5.423495801781599,1.1041666666666667,,False
2016-06-24,-2.9109106712448,0.6458333333333334,,False
2016-06-25,-2.6092682330112,1.2916666666666667,,False
2016-06-26,-4.764762553665601,0.9583333333333334,,False
2016-06-27,-3.3808028339736,1.1666666666666667,,False
2016-06-28,-3.4110818859960004,0.8333333333333334,,False
2016-06-29,-2.4403249418688,0.6666666666666666,,False
2016-06-30,-2.2934234499551995,0.7083333333333334,,False
2016-07-01,-2.5399674772344,0.7708333333333334,,False
2016-07-02,-3.095825159159999,0.8125,,False
2016-07-03,-5.475525640250401,0.75,,False
2016-07-04,-4.243982398236,0.6666666666666666,,False
2016-07-05,-4.1313735864288,0.7291666666666666,,False
2016-07-06,-3.090952377100799,0.6666666666666666,,False
2016-07-07,-3.211880248008,0.6875,,False
2016-07-08,-3.5983292914367992,0.5416666666666666,,False
2016-07-09,-3.7064898944784,0.625,,False
2016-07-10,-0.5079939235199998,0.7291666666666666,,False
2016-07-11,-1.6587427627151998,0.6875,,False
2016-07-12,1.2954227029128,0.7708333333333334,,False
2016-07-13,-2.5786766442168,0.8958333333333334,,False
2016-07-14,-3.692411238275999,1.2291666666666667,,False
2016-07-15,-4.296774803536801,1.0208333333333333,,False
2016-07-16,-4.981655324822399,1.2708333333333333,,False
2016-07-17,-4.7944091087856,1.2291666666666667,,False
2016-07-18,-4.083554390875199,0.8541666666666666,,False
2016-07-19,-5.7470615433504,0.7291666666666666,,False
2016-07-20,-8.434366682486399,0.7291666666666666,,False
2016-07-21,-6.1250537465496,0.75,,False
2016-07-22,-8.1884739726,0.5833333333333334,,False
2016-07-23,-4.413016751371199,0.8958333333333334,,False
2016-07-24,-6.785081262691199,0.7708333333333334,,False
2016-07-25,-8.838357851807999,0.6666666666666666,,False
2016-07-26,-6.053850210225599,0.75,,False
2016-07-27,-4.9243117718304,0.6875,,False
2016-07-28,-4.4298550629936,0.6458333333333334,,False
2016-07-29,0.0977117187528001,0.6458333333333334,,False
2016-07-30,-2.7379083510864004,0.75,,False
2016-07-31,-5.467365363333601,0.7708333333333334,,False
2016-08-01,-8.5040205083208,0.7916666666666666,,False
2016-08-02,-5.932893063607199,0.7708333333333334,,False
2016-08-03,-6.4676620975607975,0.9583333333333334,,False
2016-08-04,-1.4104621097351997,0.7291666666666666,,False
2016-08-05,0.6784967181816001,0.9375,,False
2016-08-06,-3.3056191817064,0.6875,,False
2016-08-07,-6.708556253556,0.6666666666666666,,False
2016-08-08,-2.8500707389968,0.7291666666666666,,False
2016-08-09,-3.1649228143056,0.625,,False
2016-08-10,-6.2225175607416,0.6458333333333334,,False
2016-08-11,-6.470175695263201,0.7916666666666666,,False
2016-08-12,-4.486862180109601,1.0208333333333333,,False
2016-08-13,-5.882694330707999,0.75,,False
2016-08-14,-4.649168362852801,1.1041666666666667,,False
2016-08-15,-6.315833240539198,0.9166666666666666,,False
2016-08-16,-7.940007593164799,0.6458333333333334,,False
2016-08-17,-5.355144270295201,0.8333333333333334,,False
2016-08-18,-5.4524709360648,0.6041666666666666,,False
2016-08-19,-5.635786059604801,0.875,,False
2016-08-20,-6.047245149854402,1.2916666666666667,,False
2016-08-21,-7.430155901380799,1.0208333333333333,,False
2016-08-22,-7.291348519363199,0.875,,False
2016-08-23,-7.080744552890398,0.8958333333333334,,False
2016-08-24,-5.708863932105601,0.625,,False
2016-08-25,-6.6260991858552005,0.875,,False
2016-08-26,-7.617677351162402,0.7291666666666666,,False
2016-08-27,-4.1394149779824,0.6458333333333334,,False
2016-08-28,-5.4953236951344,0.7916666666666666,,False
2016-08-29,-5.973105340137599,0.6666666666666666,,False
2016-08-30,-2.6458376863247994,0.75,,False
2016-08-31,-4.274776115963999,0.5833333333333334,,False
2016-09-01,-3.3208102502208003,0.75,,False
2016-09-02,-4.773843672775199,0.6458333333333334,,False
2016-09-03,-3.696438889835999,0.5833333333333334,,False
2016-09-04,-7.725051555314399,0.7291666666666666,,False
2016-09-05,-5.6443981845456,0.625,,False
2016-09-06,-5.637741877094401,0.7916666666666666,,False
2016-09-07,-1.7864318141495998,0.5416666666666666,,False
2016-09-08,-0.9689811720336002,0.8541666666666666,,False
2016-09-09,-4.595619034627199,0.7708333333333334,,False
2016-09-10,-0.7937672250672,0.6666666666666666,,False
2016-09-11,-3.821677053357599,0.6041666666666666,,False
2016-09-12,-1.9119642456816,0.8333333333333334,,False
2016-09-13,-3.520624685219999,0.6875,,False
2016-09-14,0.4276008790487999,1.0416666666666667,,False
2016-09-15,-3.5761731447672003,0.8541666666666666,,False
2016-09-16,-3.4588727977536,0.7291666666666666,,False
2016-09-17,-3.73268804958,0.9166666666666666,,False
2016-09-18,-3.501305127683999,0.875,,False
2016-09-19,-4.3404662620512005,0.6666666666666666,,False
2016-09-20,-2.2189845912192,0.8125,,False
2016-09-21,-4.4300497102056005,0.6666666666666666,,False
2016-09-22,-3.515509355810401,0.625,,False
2016-09-23,-2.7705484232496005,0.6666666666666666,,False
2016-09-24,-4.228452609948,0.5416666666666666,,False
2016-09-25,-2.5783067791008003,0.7083333333333334,,False
2016-09-26,-5.5744090572672,0.75,,False
2016-09-27,-6.182390254204801,0.75,,False
2016-09-28,-2.8842764412168007,0.8333333333333334,,False
2016-09-29,-3.4360039848096,0.875,,False
2016-09-30,-3.3146414302104,0.7291666666666666,,False
2016-10-01,-3.7893867977736,0.9791666666666666,,False
2016-10-02,-3.785878704816,0.8958333333333334,,False
2016-10-03,-3.7948019932008,0.875,,False
2016-10-04,0.0020238597144001,1.1458333333333333,,False
2016-10-05,-6.151959073555199,1.2291666666666667,,False
2016-10-06,-5.321767113144001,1.1875,,False
2016-10-07,-3.4387035310368,1.375,,False
2016-10-08,-3.67692480702,1.3333333333333333,,False
2016-10-09,-2.832691800563999,1.375,,False
2016-10-10,-5.409271015596,1.0625,,False
2016-10-11,-4.048149913300801,0.7916666666666666,,False
2016-10-12,-3.463679208996,0.7708333333333334,,False
2016-10-13,-6.0782034895416,0.5416666666666666,,False
2016-10-14,-3.090787581131999,0.875,,False
2016-10-15,-1.6769856046824,0.8333333333333334,,False
2016-10-16,-5.9036276830392,0.6666666666666666,,False
2016-10-17,-6.5218206253608,0.7291666666666666,,False
2016-10-18,-4.6308058445952,0.7083333333333334,,False
2016-10-19,-2.4426943480151992,0.7083333333333334,,False
2016-10-20,7.278728779691998,1.3125,,False
2016-10-21,-1.4588756410175998,0.9583333333333334,,False
2016-10-22,-1.2685841198856,1.1041666666666667,,False
2016-10-23,-1.1381859585432,1.1875,,False
2016-10-24,-3.1195947183696,1.0,,False
2016-10-25,-1.7382308927256005,1.2708333333333333,,False
2016-10-26,0.5552921151720001,0.8541666666666666,,False
2016-10-27,0.0640121154623998,0.6666666666666666,,False
2016-10-28,-1.7525306878704,0.7083333333333334,,False
2016-10-29,-0.5236506867384,0.6666666666666666,,False
2016-10-30,-2.207545209144,0.6041666666666666,,False
2016-10-31,1.7913153098736003,0.7708333333333334,,False
2016-11-01,-1.4413812842592,0.8333333333333334,,False
2016-11-02,6.533785962144,0.9583333333333334,,False
2016-11-03,-4.614377343487201,0.5,0.046143773434872006,True
2016-11-04,-6.089388796648798,0.625,,False
2016-11-05,-1.373911122132,0.75,,False
2016-11-06,0.6279614632008,0.8125,,False
2016-11-07,-0.8546508899279998,0.7083333333333334,,False
2016-11-08,-1.34596234602,0.5833333333333334,,False
2016-11-09,-1.8932056199928005,0.7916666666666666,,False
2016-11-10,-3.1002558498936,0.7916666666666666,,False
2016-11-11,-2.3659054713792,0.8541666666666666,,False
2016-11-12,-0.6190990440912,0.7708333333333334,,False
2016-11-13,0.1519574238720001,0.7083333333333334,,False
2016-11-14,-0.3945274652448,0.7083333333333334,,False
2016-11-15,-2.0592166830984,0.75,,False
2016-11-16,-1.2230228111904005,0.9375,,False
2016-11-17,-1.5337807726031996,0.75,,False
2016-11-18,-4.3040345535576,0.6458333333333334,,False
2016-11-19,-3.3611328355968,0.6041666666666666,,False
2016-11-20,-1.1798342585208,0.5208333333333334,,False
2016-11-21,-0.5342687447760001,0.7083333333333334,,False
2016-11-22,-4.543315544851201,0.7291666666666666,,False
2016-11-23,-2.7966730410432,0.625,,False
2016-11-24,-1.3459475127816,0.7291666666666666,,False
2016-11-25,-2.3248652913432,0.7291666666666666,,False
2016-11-26,-5.4094998558888,0.625,,False
2016-11-27,-2.8835346404735995,0.875,,False
2016-11-28,-3.2264760182976007,0.9583333333333334,,False
2016-11-29,-3.4078152032352,1.0,,False
2016-11-30,-7.803947553249599,0.9166666666666666,,False
2016-12-01,-2.7455541812999997,1.0625,,False
2016-12-02,-2.3310266565456006,1.2916666666666667,,False
2016-12-03,-2.7240577983576,1.0625,,False
2016-12-04,-1.6535621369376,0.8958333333333334,,False
2016-12-05,-1.1063704908096,0.6458333333333334,,False
2016-12-06,0.1571435584271997,0.7083333333333334,,False
2016-12-07,-0.1910945030760003,0.8125,,False
2016-12-08,-2.870997981012,0.75,,False
2016-12-09,-4.2556727474928,0.6875,,False
2016-12-10,-6.089412916872,0.6041666666666666,,False
2016-12-11,-3.8552474180376,0.7916666666666666,,False
2016-12-12,-5.9511492118224,0.6666666666666666,,False
2016-12-13,-6.4746704900232,0.6041666666666666,,False
2016-12-14,-4.5039084966,0.6875,,False
2016-12-15,-3.846114001180799,0.6875,,False
2016-12-16,-1.4306551497576,0.6458333333333334,,False
2016-12-17,-1.6624045036224004,0.6875,,False
2016-12-18,-1.6890074381015998,0.7291666666666666,,False
2016-12-19,-3.4781030876304,0.9375,,False
2016-12-20,-0.4410426062231999,0.875,,False
2016-12-21,-2.594571110964,1.0,,False
2016-12-22,-2.0080301740128,0.6041666666666666,,False
2016-12-23,-1.8182995616808,0.7916666666666666,,False
2016-12-24,-2.3402504557512,0.6666666666666666,,False
2016-12-25,-4.4939700392112005,0.6875,,False
2016-12-26,-4.7384252052912,0.7291666666666666,,False
2016-12-27,-3.0414817072151994,0.6041666666666666,,False
2016-12-28,-2.646394372216799,0.8541666666666666,,False
2016-12-29,-3.0033434304576003,0.6666666666666666,,False
2016-12-30,-1.6140581686008002,0.7708333333333334,,False
2016-12-31,-2.7278798038776,0.625,,False
